image_id,split,kind,instance_id,confidence
03def1e004c9ff72659f,test,missed_reference,12,
03def1e004c9ff72659f,test,missed_reference,24,
03def1e004c9ff72659f,test,false_prediction,9,0.680458128452301
03def1e004c9ff72659f,test,false_prediction,12,0.5793354511260986
03def1e004c9ff72659f,test,false_prediction,15,0.4883377254009247
03def1e004c9ff72659f,test,false_prediction,16,0.48489007353782654
03def1e004c9ff72659f,test,false_prediction,17,0.4708012044429779
03def1e004c9ff72659f,test,false_prediction,22,0.42735448479652405
03def1e004c9ff72659f,test,false_prediction,24,0.4135398268699646
03def1e004c9ff72659f,test,false_prediction,26,0.3936554193496704
03def1e004c9ff72659f,test,false_prediction,28,0.35383257269859314
03def1e004c9ff72659f,test,false_prediction,32,0.28628090023994446
03def1e004c9ff72659f,test,false_prediction,33,0.2823113203048706
03def1e004c9ff72659f,test,false_prediction,35,0.2706734240055084
04ee55fe28feb0998127,test,missed_reference,5,
04ee55fe28feb0998127,test,false_prediction,5,0.6345612406730652
069acde265fe883cbfa4,test,missed_reference,5,
069acde265fe883cbfa4,test,missed_reference,6,
069acde265fe883cbfa4,test,missed_reference,7,
069acde265fe883cbfa4,test,false_prediction,7,0.3795396387577057
069acde265fe883cbfa4,test,false_prediction,8,0.2883945107460022
069acde265fe883cbfa4,test,false_prediction,9,0.25704285502433777
084107d77415fb4726ba,test,missed_reference,9,
084107d77415fb4726ba,test,missed_reference,10,
084107d77415fb4726ba,test,false_prediction,5,0.7400574088096619
084107d77415fb4726ba,test,false_prediction,9,0.3425963222980499
084107d77415fb4726ba,test,false_prediction,10,0.2751109004020691
08f820d7e48c99c1ad51,test,missed_reference,1,
08f820d7e48c99c1ad51,test,missed_reference,2,
08f820d7e48c99c1ad51,test,missed_reference,7,
08f820d7e48c99c1ad51,test,missed_reference,10,
08f820d7e48c99c1ad51,test,missed_reference,11,
08f820d7e48c99c1ad51,test,missed_reference,15,
08f820d7e48c99c1ad51,test,missed_reference,16,
08f820d7e48c99c1ad51,test,false_prediction,3,0.6829943656921387
08f820d7e48c99c1ad51,test,false_prediction,5,0.6685358881950378
08f820d7e48c99c1ad51,test,false_prediction,11,0.3004152774810791
09b7d6911cccc8b351d7,test,missed_reference,3,
09b7d6911cccc8b351d7,test,missed_reference,11,
09b7d6911cccc8b351d7,test,missed_reference,12,
09b7d6911cccc8b351d7,test,false_prediction,9,0.3486368954181671
09b7d6911cccc8b351d7,test,false_prediction,10,0.3271797001361847
09b7d6911cccc8b351d7,test,false_prediction,12,0.2586614191532135
0c2cddb80301461fdfc0,test,missed_reference,1,
0c2cddb80301461fdfc0,test,missed_reference,6,
0c2cddb80301461fdfc0,test,missed_reference,13,
0c2cddb80301461fdfc0,test,false_prediction,10,0.4263342022895813
0c2cddb80301461fdfc0,test,false_prediction,12,0.2520590126514435
0cc49eb88837a3d298a9,test,missed_reference,1,
0cc49eb88837a3d298a9,test,missed_reference,5,
0cc49eb88837a3d298a9,test,missed_reference,8,
0cc49eb88837a3d298a9,test,missed_reference,9,
0cc49eb88837a3d298a9,test,missed_reference,10,
0cc49eb88837a3d298a9,test,missed_reference,20,
0cc49eb88837a3d298a9,test,missed_reference,22,
0cc49eb88837a3d298a9,test,false_prediction,1,0.8630912899971008
0cc49eb88837a3d298a9,test,false_prediction,6,0.8247841000556946
0cc49eb88837a3d298a9,test,false_prediction,16,0.6220628023147583
0cc49eb88837a3d298a9,test,false_prediction,18,0.3046160936355591
0cc49eb88837a3d298a9,test,false_prediction,19,0.27975526452064514
0cc49eb88837a3d298a9,test,false_prediction,20,0.2719174027442932
0daa1d125f2ebc009bba,test,missed_reference,13,
0daa1d125f2ebc009bba,test,missed_reference,14,
0daa1d125f2ebc009bba,test,missed_reference,15,
0daa1d125f2ebc009bba,test,missed_reference,16,
0daa1d125f2ebc009bba,test,missed_reference,18,
0daa1d125f2ebc009bba,test,missed_reference,20,
0daa1d125f2ebc009bba,test,false_prediction,4,0.6537020206451416
0daa1d125f2ebc009bba,test,false_prediction,7,0.6050817966461182
0daa1d125f2ebc009bba,test,false_prediction,12,0.4633205831050873
0daa1d125f2ebc009bba,test,false_prediction,18,0.2679639458656311
0e9aea56a1632e399082,test,missed_reference,1,
0e9aea56a1632e399082,test,missed_reference,7,
0e9aea56a1632e399082,test,missed_reference,8,
0e9aea56a1632e399082,test,missed_reference,16,
0e9aea56a1632e399082,test,false_prediction,9,0.6138134002685547
0e9aea56a1632e399082,test,false_prediction,12,0.4434620440006256
0e9aea56a1632e399082,test,false_prediction,13,0.41642311215400696
0e9aea56a1632e399082,test,false_prediction,15,0.3800431489944458
0e9aea56a1632e399082,test,false_prediction,20,0.26660260558128357
112f717e209533777994,test,missed_reference,6,
112f717e209533777994,test,false_prediction,14,0.31358426809310913
112f717e209533777994,test,false_prediction,15,0.28970304131507874
13d042556b8f13e6624f,test,missed_reference,4,
13d042556b8f13e6624f,test,missed_reference,7,
13d042556b8f13e6624f,test,missed_reference,8,
13d042556b8f13e6624f,test,missed_reference,11,
13d042556b8f13e6624f,test,missed_reference,13,
13d042556b8f13e6624f,test,missed_reference,14,
13d042556b8f13e6624f,test,missed_reference,15,
13d042556b8f13e6624f,test,missed_reference,16,
13d042556b8f13e6624f,test,missed_reference,18,
13d042556b8f13e6624f,test,missed_reference,19,
13d042556b8f13e6624f,test,false_prediction,6,0.8140745759010315
13d042556b8f13e6624f,test,false_prediction,10,0.40376636385917664
13d042556b8f13e6624f,test,false_prediction,11,0.32364702224731445
13d042556b8f13e6624f,test,false_prediction,12,0.32286277413368225
142d956143fa7aa21631,test,missed_reference,3,
142d956143fa7aa21631,test,missed_reference,7,
142d956143fa7aa21631,test,missed_reference,10,
142d956143fa7aa21631,test,missed_reference,15,
142d956143fa7aa21631,test,missed_reference,16,
142d956143fa7aa21631,test,missed_reference,18,
142d956143fa7aa21631,test,missed_reference,19,
142d956143fa7aa21631,test,missed_reference,20,
142d956143fa7aa21631,test,missed_reference,21,
142d956143fa7aa21631,test,false_prediction,11,0.39954230189323425
142d956143fa7aa21631,test,false_prediction,12,0.3529161810874939
14844311e271c7be8221,test,missed_reference,3,
14844311e271c7be8221,test,missed_reference,10,
14844311e271c7be8221,test,missed_reference,11,
14844311e271c7be8221,test,missed_reference,19,
14844311e271c7be8221,test,false_prediction,3,0.5496377944946289
14844311e271c7be8221,test,false_prediction,12,0.37398311495780945
14844311e271c7be8221,test,false_prediction,13,0.3555111289024353
14844311e271c7be8221,test,false_prediction,17,0.2939223647117615
14844311e271c7be8221,test,false_prediction,21,0.265261173248291
14ac1676e25f4f04f201,test,missed_reference,8,
14ac1676e25f4f04f201,test,missed_reference,13,
14ac1676e25f4f04f201,test,missed_reference,14,
14ac1676e25f4f04f201,test,missed_reference,15,
14ac1676e25f4f04f201,test,false_prediction,5,0.5688959360122681
15660cb99ff49759beb4,test,missed_reference,5,
15660cb99ff49759beb4,test,false_prediction,8,0.33690008521080017
1587608d01a3068138cf,test,missed_reference,1,
1587608d01a3068138cf,test,missed_reference,12,
1587608d01a3068138cf,test,missed_reference,13,
1587608d01a3068138cf,test,missed_reference,14,
1587608d01a3068138cf,test,missed_reference,15,
1587608d01a3068138cf,test,missed_reference,16,
1587608d01a3068138cf,test,missed_reference,19,
1587608d01a3068138cf,test,missed_reference,21,
1587608d01a3068138cf,test,missed_reference,22,
1587608d01a3068138cf,test,missed_reference,23,
1587608d01a3068138cf,test,missed_reference,25,
1587608d01a3068138cf,test,missed_reference,27,
1587608d01a3068138cf,test,missed_reference,28,
1587608d01a3068138cf,test,missed_reference,29,
1587608d01a3068138cf,test,missed_reference,30,
1587608d01a3068138cf,test,missed_reference,32,
1587608d01a3068138cf,test,missed_reference,33,
1587608d01a3068138cf,test,false_prediction,1,0.9124647974967957
1587608d01a3068138cf,test,false_prediction,13,0.4412146806716919
1587608d01a3068138cf,test,false_prediction,15,0.37621617317199707
1587608d01a3068138cf,test,false_prediction,20,0.3177522122859955
1587608d01a3068138cf,test,false_prediction,21,0.2542968690395355
181bd9899e978bce6cd0,test,missed_reference,8,
181bd9899e978bce6cd0,test,false_prediction,8,0.4729902148246765
181bd9899e978bce6cd0,test,false_prediction,9,0.47298097610473633
181bd9899e978bce6cd0,test,false_prediction,10,0.32391640543937683
181bd9899e978bce6cd0,test,false_prediction,12,0.28401318192481995
19815b5e2091107d3927,test,missed_reference,5,
19815b5e2091107d3927,test,missed_reference,7,
19815b5e2091107d3927,test,missed_reference,8,
19815b5e2091107d3927,test,false_prediction,3,0.7421592473983765
19815b5e2091107d3927,test,false_prediction,4,0.7350832223892212
19815b5e2091107d3927,test,false_prediction,6,0.6762669682502747
19815b5e2091107d3927,test,false_prediction,8,0.601538360118866
19815b5e2091107d3927,test,false_prediction,10,0.3360167145729065
19c50b12e658a92bcb17,test,missed_reference,2,
19c50b12e658a92bcb17,test,missed_reference,3,
19c50b12e658a92bcb17,test,missed_reference,7,
19c50b12e658a92bcb17,test,missed_reference,9,
19c50b12e658a92bcb17,test,false_prediction,2,0.8887569308280945
19c50b12e658a92bcb17,test,false_prediction,6,0.7183192372322083
19c50b12e658a92bcb17,test,false_prediction,8,0.6784404516220093
19c50b12e658a92bcb17,test,false_prediction,9,0.6374605894088745
19c50b12e658a92bcb17,test,false_prediction,11,0.6126251816749573
19c50b12e658a92bcb17,test,false_prediction,12,0.5324698686599731
19c50b12e658a92bcb17,test,false_prediction,13,0.39122000336647034
19c50b12e658a92bcb17,test,false_prediction,14,0.31017786264419556
19c50b12e658a92bcb17,test,false_prediction,15,0.2712494134902954
1aaf59bb260dff211197,test,false_prediction,6,0.5845444798469543
1aaf59bb260dff211197,test,false_prediction,9,0.3941575586795807
1aaf59bb260dff211197,test,false_prediction,10,0.33647191524505615
1e249dc94478a2a91b14,test,missed_reference,1,
1e249dc94478a2a91b14,test,missed_reference,5,
1e249dc94478a2a91b14,test,false_prediction,1,0.6146407127380371
1e249dc94478a2a91b14,test,false_prediction,4,0.3890151083469391
1e249dc94478a2a91b14,test,false_prediction,6,0.3461737334728241
1e249dc94478a2a91b14,test,false_prediction,8,0.3124151825904846
1e249dc94478a2a91b14,test,false_prediction,9,0.26731055974960327
1e249dc94478a2a91b14,test,false_prediction,10,0.26109278202056885
1ec53cbab809dfb92daf,test,missed_reference,1,
218eca5de0ab684b96a6,test,missed_reference,3,
218eca5de0ab684b96a6,test,missed_reference,11,
218eca5de0ab684b96a6,test,missed_reference,12,
218eca5de0ab684b96a6,test,missed_reference,13,
218eca5de0ab684b96a6,test,false_prediction,6,0.5496354103088379
218eca5de0ab684b96a6,test,false_prediction,11,0.2797010838985443
22038ad5cda38be9e724,test,false_prediction,9,0.7773259878158569
22038ad5cda38be9e724,test,false_prediction,12,0.6377161145210266
23ba188c8fa6ba25eee6,test,missed_reference,11,
23ba188c8fa6ba25eee6,test,missed_reference,15,
23ba188c8fa6ba25eee6,test,false_prediction,8,0.4103473126888275
23ba188c8fa6ba25eee6,test,false_prediction,9,0.40511611104011536
23ba188c8fa6ba25eee6,test,false_prediction,10,0.38413333892822266
23ba188c8fa6ba25eee6,test,false_prediction,16,0.3118343651294708
23ba188c8fa6ba25eee6,test,false_prediction,18,0.27651000022888184
23ba188c8fa6ba25eee6,test,false_prediction,19,0.2551218569278717
24ab1509638a99b46343,test,missed_reference,7,
24ab1509638a99b46343,test,false_prediction,8,0.6389816999435425
24ab1509638a99b46343,test,false_prediction,9,0.3554123640060425
24ab1509638a99b46343,test,false_prediction,10,0.2726558744907379
24dc17b61fdb786a16d7,test,false_prediction,7,0.4330488443374634
24dc17b61fdb786a16d7,test,false_prediction,8,0.3311275541782379
253c6665c084ed1f7dd2,test,missed_reference,11,
253c6665c084ed1f7dd2,test,missed_reference,14,
253c6665c084ed1f7dd2,test,false_prediction,7,0.5136134624481201
253c6665c084ed1f7dd2,test,false_prediction,13,0.3743482530117035
253c6665c084ed1f7dd2,test,false_prediction,15,0.33727216720581055
253c6665c084ed1f7dd2,test,false_prediction,16,0.31361231207847595
253c6665c084ed1f7dd2,test,false_prediction,17,0.3091121017932892
253c6665c084ed1f7dd2,test,false_prediction,19,0.2960076630115509
27466975f48f207cde80,test,false_prediction,9,0.5516444444656372
277a92df13a8cef0a864,test,missed_reference,2,
277a92df13a8cef0a864,test,missed_reference,3,
277a92df13a8cef0a864,test,missed_reference,7,
277a92df13a8cef0a864,test,missed_reference,15,
277a92df13a8cef0a864,test,missed_reference,16,
277a92df13a8cef0a864,test,missed_reference,17,
277a92df13a8cef0a864,test,false_prediction,8,0.4398545026779175
277a92df13a8cef0a864,test,false_prediction,10,0.3850225508213043
277a92df13a8cef0a864,test,false_prediction,12,0.35039976239204407
277a92df13a8cef0a864,test,false_prediction,13,0.32275712490081787
297cf41acfa6c11772f5,test,missed_reference,5,
297cf41acfa6c11772f5,test,missed_reference,8,
297cf41acfa6c11772f5,test,false_prediction,5,0.6158449053764343
297cf41acfa6c11772f5,test,false_prediction,8,0.35814332962036133
2cb0bfd5f637473d9d0d,test,missed_reference,12,
2cb0bfd5f637473d9d0d,test,false_prediction,13,0.5726889371871948
2d426a5ea16ad4beee14,test,missed_reference,7,
2f58781bc4143c63684c,test,missed_reference,8,
2f58781bc4143c63684c,test,missed_reference,11,
2f58781bc4143c63684c,test,missed_reference,12,
2f58781bc4143c63684c,test,false_prediction,9,0.5244662761688232
2f58781bc4143c63684c,test,false_prediction,11,0.42520567774772644
2f58781bc4143c63684c,test,false_prediction,12,0.3920283317565918
2f58781bc4143c63684c,test,false_prediction,13,0.35264015197753906
306bb455180e544170f7,test,missed_reference,3,
306bb455180e544170f7,test,missed_reference,8,
306bb455180e544170f7,test,missed_reference,9,
306bb455180e544170f7,test,false_prediction,7,0.5477451086044312
306bb455180e544170f7,test,false_prediction,8,0.4212295413017273
306bb455180e544170f7,test,false_prediction,9,0.3041394352912903
30ffdd71f24415febade,test,missed_reference,3,
30ffdd71f24415febade,test,missed_reference,4,
30ffdd71f24415febade,test,missed_reference,5,
30ffdd71f24415febade,test,missed_reference,20,
30ffdd71f24415febade,test,false_prediction,16,0.3515540361404419
30ffdd71f24415febade,test,false_prediction,18,0.3149547874927521
30ffdd71f24415febade,test,false_prediction,19,0.28467825055122375
30ffdd71f24415febade,test,false_prediction,20,0.26749691367149353
30ffdd71f24415febade,test,false_prediction,21,0.26381391286849976
333d4405ab70431360e5,test,missed_reference,3,
333d4405ab70431360e5,test,missed_reference,9,
333d4405ab70431360e5,test,missed_reference,16,
333d4405ab70431360e5,test,missed_reference,18,
333d4405ab70431360e5,test,false_prediction,6,0.6543641686439514
333d4405ab70431360e5,test,false_prediction,8,0.578777551651001
333d4405ab70431360e5,test,false_prediction,15,0.41457313299179077
333d4405ab70431360e5,test,false_prediction,16,0.37558072805404663
333d4405ab70431360e5,test,false_prediction,18,0.32223930954933167
3520bdf0ebb1f2a38f96,test,missed_reference,5,
3520bdf0ebb1f2a38f96,test,missed_reference,6,
3520bdf0ebb1f2a38f96,test,false_prediction,1,0.7645127177238464
3520bdf0ebb1f2a38f96,test,false_prediction,4,0.6306057572364807
3520bdf0ebb1f2a38f96,test,false_prediction,7,0.6041417121887207
3520bdf0ebb1f2a38f96,test,false_prediction,8,0.5464727282524109
3520bdf0ebb1f2a38f96,test,false_prediction,10,0.48231279850006104
3520bdf0ebb1f2a38f96,test,false_prediction,11,0.45808684825897217
3520bdf0ebb1f2a38f96,test,false_prediction,14,0.4186785817146301
3520bdf0ebb1f2a38f96,test,false_prediction,15,0.415744811296463
3520bdf0ebb1f2a38f96,test,false_prediction,16,0.38493654131889343
3520bdf0ebb1f2a38f96,test,false_prediction,17,0.3662017285823822
3520bdf0ebb1f2a38f96,test,false_prediction,20,0.29438233375549316
3520bdf0ebb1f2a38f96,test,false_prediction,21,0.2921367585659027
3520bdf0ebb1f2a38f96,test,false_prediction,22,0.2734489440917969
3581c8018fc8e00d7eda,test,missed_reference,1,
3581c8018fc8e00d7eda,test,missed_reference,8,
3581c8018fc8e00d7eda,test,false_prediction,4,0.6517430543899536
3581c8018fc8e00d7eda,test,false_prediction,6,0.5524062514305115
3581c8018fc8e00d7eda,test,false_prediction,8,0.5237514972686768
3581c8018fc8e00d7eda,test,false_prediction,11,0.41439422965049744
3581c8018fc8e00d7eda,test,false_prediction,12,0.31877848505973816
3581c8018fc8e00d7eda,test,false_prediction,13,0.3054122030735016
3581c8018fc8e00d7eda,test,false_prediction,14,0.29883426427841187
35af372d2ac91e897abd,test,missed_reference,4,
35af372d2ac91e897abd,test,missed_reference,5,
35af372d2ac91e897abd,test,missed_reference,6,
35af372d2ac91e897abd,test,missed_reference,7,
35af372d2ac91e897abd,test,missed_reference,8,
35af372d2ac91e897abd,test,missed_reference,9,
35af372d2ac91e897abd,test,missed_reference,10,
35af372d2ac91e897abd,test,missed_reference,11,
35af372d2ac91e897abd,test,false_prediction,4,0.36095449328422546
35af372d2ac91e897abd,test,false_prediction,5,0.25466713309288025
3629d97e326e9f118cc2,test,missed_reference,6,
3629d97e326e9f118cc2,test,missed_reference,7,
3629d97e326e9f118cc2,test,missed_reference,8,
3629d97e326e9f118cc2,test,missed_reference,9,
3629d97e326e9f118cc2,test,missed_reference,10,
3634ce7d229a4f87df47,test,missed_reference,10,
3634ce7d229a4f87df47,test,missed_reference,16,
3634ce7d229a4f87df47,test,missed_reference,17,
3634ce7d229a4f87df47,test,false_prediction,12,0.48209503293037415
3634ce7d229a4f87df47,test,false_prediction,13,0.4684567451477051
3634ce7d229a4f87df47,test,false_prediction,15,0.4511486887931824
3634ce7d229a4f87df47,test,false_prediction,20,0.3130771517753601
3634ce7d229a4f87df47,test,false_prediction,21,0.3117339015007019
3634ce7d229a4f87df47,test,false_prediction,22,0.30527302622795105
3634ce7d229a4f87df47,test,false_prediction,23,0.2932082712650299
3634ce7d229a4f87df47,test,false_prediction,25,0.2511792480945587
373f6112e1b06e72a514,test,missed_reference,1,
373f6112e1b06e72a514,test,missed_reference,5,
373f6112e1b06e72a514,test,missed_reference,6,
373f6112e1b06e72a514,test,missed_reference,7,
373f6112e1b06e72a514,test,missed_reference,9,
373f6112e1b06e72a514,test,missed_reference,10,
373f6112e1b06e72a514,test,missed_reference,11,
3761cd7ce158edd9bea8,test,missed_reference,1,
3761cd7ce158edd9bea8,test,missed_reference,4,
3761cd7ce158edd9bea8,test,missed_reference,5,
3761cd7ce158edd9bea8,test,missed_reference,6,
3761cd7ce158edd9bea8,test,missed_reference,7,
3761cd7ce158edd9bea8,test,missed_reference,8,
3761cd7ce158edd9bea8,test,missed_reference,9,
3761cd7ce158edd9bea8,test,missed_reference,12,
3761cd7ce158edd9bea8,test,missed_reference,13,
3761cd7ce158edd9bea8,test,false_prediction,5,0.6913629174232483
3761cd7ce158edd9bea8,test,false_prediction,6,0.6370424628257751
3761cd7ce158edd9bea8,test,false_prediction,7,0.33966225385665894
39c2a83ee2d1844b628a,test,missed_reference,1,
39c2a83ee2d1844b628a,test,missed_reference,6,
39c2a83ee2d1844b628a,test,missed_reference,7,
39c2a83ee2d1844b628a,test,missed_reference,8,
39c2a83ee2d1844b628a,test,missed_reference,9,
39c2a83ee2d1844b628a,test,missed_reference,11,
39c2a83ee2d1844b628a,test,missed_reference,13,
39c2a83ee2d1844b628a,test,false_prediction,3,0.5536912083625793
39c2a83ee2d1844b628a,test,false_prediction,6,0.3607017397880554
39c2a83ee2d1844b628a,test,false_prediction,9,0.32109928131103516
39c2a83ee2d1844b628a,test,false_prediction,10,0.28403595089912415
39c2a83ee2d1844b628a,test,false_prediction,12,0.2646927833557129
3ae448bd405b51fb3b9c,test,missed_reference,1,
3ae448bd405b51fb3b9c,test,missed_reference,4,
3ae448bd405b51fb3b9c,test,missed_reference,8,
3ae448bd405b51fb3b9c,test,missed_reference,13,
3ae448bd405b51fb3b9c,test,missed_reference,14,
3ae448bd405b51fb3b9c,test,missed_reference,15,
3ae448bd405b51fb3b9c,test,false_prediction,1,0.8874245882034302
3ae448bd405b51fb3b9c,test,false_prediction,6,0.6603045463562012
3ae448bd405b51fb3b9c,test,false_prediction,8,0.5411108136177063
3ae448bd405b51fb3b9c,test,false_prediction,9,0.40306469798088074
3ae448bd405b51fb3b9c,test,false_prediction,12,0.29767775535583496
3c89382dffce4cda8b42,test,missed_reference,6,
3c89382dffce4cda8b42,test,missed_reference,11,
3c89382dffce4cda8b42,test,missed_reference,14,
3c89382dffce4cda8b42,test,missed_reference,15,
3c89382dffce4cda8b42,test,missed_reference,16,
3c89382dffce4cda8b42,test,false_prediction,12,0.3555471897125244
3c89382dffce4cda8b42,test,false_prediction,13,0.2792861759662628
3dc39c22275578a6f4b4,test,missed_reference,13,
3dc39c22275578a6f4b4,test,missed_reference,14,
3dc39c22275578a6f4b4,test,missed_reference,17,
3dc39c22275578a6f4b4,test,false_prediction,10,0.6100277900695801
3dc39c22275578a6f4b4,test,false_prediction,11,0.5937938690185547
3dc39c22275578a6f4b4,test,false_prediction,16,0.34246596693992615
3dc39c22275578a6f4b4,test,false_prediction,18,0.25524675846099854
3f9343b7ce7c40eb4fa2,test,false_prediction,9,0.5212843418121338
3f9343b7ce7c40eb4fa2,test,false_prediction,11,0.4084318280220032
431b3a87ed7fe9caa401,test,missed_reference,2,
431b3a87ed7fe9caa401,test,missed_reference,4,
431b3a87ed7fe9caa401,test,missed_reference,6,
431b3a87ed7fe9caa401,test,missed_reference,10,
431b3a87ed7fe9caa401,test,false_prediction,6,0.6462566256523132
431b3a87ed7fe9caa401,test,false_prediction,12,0.28831422328948975
441973a78e80cf8422dc,test,missed_reference,12,
441973a78e80cf8422dc,test,missed_reference,14,
441973a78e80cf8422dc,test,missed_reference,15,
441973a78e80cf8422dc,test,false_prediction,10,0.48468801379203796
441973a78e80cf8422dc,test,false_prediction,14,0.3050607144832611
452b121d0128385b9231,test,false_prediction,4,0.42570197582244873
452b121d0128385b9231,test,false_prediction,5,0.2666318714618683
45f4eddfefeee3ceecf6,test,missed_reference,2,
45f4eddfefeee3ceecf6,test,missed_reference,8,
45f4eddfefeee3ceecf6,test,missed_reference,12,
45f4eddfefeee3ceecf6,test,false_prediction,10,0.4180813431739807
45f4eddfefeee3ceecf6,test,false_prediction,12,0.35481634736061096
45f4eddfefeee3ceecf6,test,false_prediction,14,0.264192134141922
45f4eddfefeee3ceecf6,test,false_prediction,15,0.25535979866981506
46d89e7d60c93781cd51,test,false_prediction,10,0.6102942228317261
46d89e7d60c93781cd51,test,false_prediction,15,0.4185825288295746
46d89e7d60c93781cd51,test,false_prediction,17,0.36961501836776733
46d89e7d60c93781cd51,test,false_prediction,18,0.32913509011268616
4a92e1cba581bf4c31d6,test,missed_reference,6,
4a92e1cba581bf4c31d6,test,missed_reference,7,
4a92e1cba581bf4c31d6,test,missed_reference,9,
4a92e1cba581bf4c31d6,test,missed_reference,11,
4a92e1cba581bf4c31d6,test,missed_reference,12,
4a92e1cba581bf4c31d6,test,missed_reference,14,
4a92e1cba581bf4c31d6,test,missed_reference,15,
4a92e1cba581bf4c31d6,test,missed_reference,17,
4a92e1cba581bf4c31d6,test,missed_reference,18,
4a92e1cba581bf4c31d6,test,missed_reference,19,
4a92e1cba581bf4c31d6,test,missed_reference,20,
4a92e1cba581bf4c31d6,test,false_prediction,3,0.6768631339073181
4a92e1cba581bf4c31d6,test,false_prediction,9,0.4724276065826416
4a92e1cba581bf4c31d6,test,false_prediction,11,0.4361015558242798
4a92e1cba581bf4c31d6,test,false_prediction,13,0.4258315861225128
4a92e1cba581bf4c31d6,test,false_prediction,14,0.419569194316864
4a92e1cba581bf4c31d6,test,false_prediction,21,0.25153690576553345
4abaf032fe3785dfcb92,test,missed_reference,1,
4abaf032fe3785dfcb92,test,missed_reference,4,
4abaf032fe3785dfcb92,test,missed_reference,7,
4abaf032fe3785dfcb92,test,missed_reference,10,
4abaf032fe3785dfcb92,test,missed_reference,13,
4abaf032fe3785dfcb92,test,false_prediction,11,0.25648412108421326
4c5ce1fe4144a31bdbda,test,missed_reference,8,
4c5ce1fe4144a31bdbda,test,missed_reference,15,
4c5ce1fe4144a31bdbda,test,false_prediction,9,0.6192232966423035
4c5ce1fe4144a31bdbda,test,false_prediction,12,0.49813392758369446
4c5ce1fe4144a31bdbda,test,false_prediction,14,0.4695200026035309
4c5ce1fe4144a31bdbda,test,false_prediction,15,0.37385374307632446
4c5ce1fe4144a31bdbda,test,false_prediction,18,0.284536212682724
4e973d8d8ac5cb3a8add,test,missed_reference,12,
4e973d8d8ac5cb3a8add,test,missed_reference,14,
4e973d8d8ac5cb3a8add,test,false_prediction,13,0.2650599181652069
4e973d8d8ac5cb3a8add,test,false_prediction,14,0.2505664527416229
505fc68abf3b923c3bd8,test,missed_reference,5,
505fc68abf3b923c3bd8,test,missed_reference,6,
505fc68abf3b923c3bd8,test,missed_reference,7,
505fc68abf3b923c3bd8,test,missed_reference,10,
505fc68abf3b923c3bd8,test,false_prediction,3,0.44975972175598145
505fc68abf3b923c3bd8,test,false_prediction,6,0.3207584321498871
505fc68abf3b923c3bd8,test,false_prediction,9,0.30676591396331787
50f6c6ae334ad7f45442,test,missed_reference,1,
50f6c6ae334ad7f45442,test,missed_reference,4,
50f6c6ae334ad7f45442,test,missed_reference,6,
50f6c6ae334ad7f45442,test,missed_reference,11,
50f6c6ae334ad7f45442,test,missed_reference,13,
50f6c6ae334ad7f45442,test,missed_reference,14,
50f6c6ae334ad7f45442,test,missed_reference,16,
50f6c6ae334ad7f45442,test,missed_reference,17,
50f6c6ae334ad7f45442,test,missed_reference,18,
50f6c6ae334ad7f45442,test,missed_reference,19,
50f6c6ae334ad7f45442,test,missed_reference,20,
50f6c6ae334ad7f45442,test,false_prediction,9,0.39442014694213867
50f6c6ae334ad7f45442,test,false_prediction,10,0.33114320039749146
51b72e8154398099c04f,test,missed_reference,10,
51b72e8154398099c04f,test,missed_reference,11,
51b72e8154398099c04f,test,false_prediction,10,0.4314620792865753
556306b3ce2964526e6f,test,missed_reference,8,
556306b3ce2964526e6f,test,missed_reference,13,
556306b3ce2964526e6f,test,missed_reference,14,
556306b3ce2964526e6f,test,missed_reference,15,
556306b3ce2964526e6f,test,missed_reference,16,
556306b3ce2964526e6f,test,missed_reference,17,
556306b3ce2964526e6f,test,missed_reference,18,
561efe3de4a79e142d92,test,missed_reference,7,
561efe3de4a79e142d92,test,missed_reference,9,
561efe3de4a79e142d92,test,false_prediction,6,0.5579419732093811
561efe3de4a79e142d92,test,false_prediction,7,0.45681115984916687
561efe3de4a79e142d92,test,false_prediction,9,0.3987828493118286
561efe3de4a79e142d92,test,false_prediction,10,0.3918294608592987
561efe3de4a79e142d92,test,false_prediction,11,0.37944430112838745
561efe3de4a79e142d92,test,false_prediction,13,0.3291742503643036
561efe3de4a79e142d92,test,false_prediction,14,0.3236580789089203
561efe3de4a79e142d92,test,false_prediction,16,0.2549619674682617
561efe3de4a79e142d92,test,false_prediction,17,0.25217869877815247
56780da53f3d98eae11f,test,missed_reference,1,
56780da53f3d98eae11f,test,missed_reference,3,
56780da53f3d98eae11f,test,false_prediction,5,0.4934115409851074
56780da53f3d98eae11f,test,false_prediction,13,0.37082114815711975
56780da53f3d98eae11f,test,false_prediction,15,0.35916173458099365
56780da53f3d98eae11f,test,false_prediction,17,0.2832145690917969
57dbe5047372436023db,test,false_prediction,2,0.6072797775268555
57dbe5047372436023db,test,false_prediction,3,0.5011579990386963
57dbe5047372436023db,test,false_prediction,5,0.3368717432022095
5b10297d142b5e7e56db,test,missed_reference,2,
5b10297d142b5e7e56db,test,missed_reference,5,
5b10297d142b5e7e56db,test,missed_reference,8,
5b10297d142b5e7e56db,test,missed_reference,16,
5b10297d142b5e7e56db,test,false_prediction,5,0.7525810599327087
5b10297d142b5e7e56db,test,false_prediction,6,0.7179986238479614
5b10297d142b5e7e56db,test,false_prediction,7,0.6995283365249634
5b10297d142b5e7e56db,test,false_prediction,8,0.6954794526100159
5b10297d142b5e7e56db,test,false_prediction,13,0.4968035817146301
5b10297d142b5e7e56db,test,false_prediction,19,0.26763901114463806
5f5bbf14c194e1f30f27,test,missed_reference,2,
5f5bbf14c194e1f30f27,test,missed_reference,12,
5f5bbf14c194e1f30f27,test,missed_reference,13,
5f5bbf14c194e1f30f27,test,false_prediction,10,0.3539123833179474
5f5bbf14c194e1f30f27,test,false_prediction,11,0.3226917088031769
5f5bbf14c194e1f30f27,test,false_prediction,13,0.31354016065597534
5f5bbf14c194e1f30f27,test,false_prediction,14,0.2954234182834625
5f5bbf14c194e1f30f27,test,false_prediction,15,0.2893340289592743
64468e06f686244f372c,test,missed_reference,3,
64468e06f686244f372c,test,missed_reference,6,
64468e06f686244f372c,test,missed_reference,16,
64468e06f686244f372c,test,false_prediction,12,0.4903678894042969
681a876951ba9566e7cf,test,false_prediction,6,0.3560950756072998
681a876951ba9566e7cf,test,false_prediction,7,0.3055798411369324
681a876951ba9566e7cf,test,false_prediction,8,0.2661944329738617
695b6e81de4267b2d653,test,missed_reference,1,
695b6e81de4267b2d653,test,missed_reference,2,
695b6e81de4267b2d653,test,missed_reference,3,
695b6e81de4267b2d653,test,missed_reference,4,
695b6e81de4267b2d653,test,missed_reference,8,
695b6e81de4267b2d653,test,missed_reference,10,
695b6e81de4267b2d653,test,missed_reference,12,
695b6e81de4267b2d653,test,missed_reference,13,
695b6e81de4267b2d653,test,missed_reference,14,
695b6e81de4267b2d653,test,missed_reference,16,
695b6e81de4267b2d653,test,false_prediction,7,0.5545748472213745
695b6e81de4267b2d653,test,false_prediction,8,0.49791157245635986
695b6e81de4267b2d653,test,false_prediction,10,0.49255046248435974
695b6e81de4267b2d653,test,false_prediction,11,0.4906657934188843
695b6e81de4267b2d653,test,false_prediction,12,0.46213072538375854
695b6e81de4267b2d653,test,false_prediction,13,0.4539983868598938
695b6e81de4267b2d653,test,false_prediction,14,0.4339718520641327
695b6e81de4267b2d653,test,false_prediction,15,0.4199475944042206
695b6e81de4267b2d653,test,false_prediction,16,0.41302943229675293
695b6e81de4267b2d653,test,false_prediction,17,0.3916943669319153
695b6e81de4267b2d653,test,false_prediction,19,0.3768587112426758
695b6e81de4267b2d653,test,false_prediction,20,0.37532860040664673
695b6e81de4267b2d653,test,false_prediction,21,0.3711848258972168
695b6e81de4267b2d653,test,false_prediction,25,0.3050393760204315
695b6e81de4267b2d653,test,false_prediction,28,0.289775550365448
695b6e81de4267b2d653,test,false_prediction,29,0.27901941537857056
695b6e81de4267b2d653,test,false_prediction,30,0.27034586668014526
695b6e81de4267b2d653,test,false_prediction,31,0.2702977955341339
695b6e81de4267b2d653,test,false_prediction,32,0.2687320411205292
695b6e81de4267b2d653,test,false_prediction,33,0.2604392468929291
695b6e81de4267b2d653,test,false_prediction,34,0.25330203771591187
695b6e81de4267b2d653,test,false_prediction,35,0.25132349133491516
695bcaf62ffc42aeaafd,test,false_prediction,10,0.4531458020210266
695bcaf62ffc42aeaafd,test,false_prediction,11,0.4340746998786926
695bcaf62ffc42aeaafd,test,false_prediction,12,0.4260420501232147
695bcaf62ffc42aeaafd,test,false_prediction,13,0.3909226059913635
695bcaf62ffc42aeaafd,test,false_prediction,17,0.31989219784736633
695bcaf62ffc42aeaafd,test,false_prediction,18,0.2873825132846832
695bcaf62ffc42aeaafd,test,false_prediction,19,0.2656268775463104
6d25dd181653f3021e31,test,missed_reference,1,
6d25dd181653f3021e31,test,missed_reference,5,
6d25dd181653f3021e31,test,missed_reference,8,
6d25dd181653f3021e31,test,missed_reference,10,
6d25dd181653f3021e31,test,missed_reference,11,
6d25dd181653f3021e31,test,missed_reference,12,
6d25dd181653f3021e31,test,missed_reference,13,
6d25dd181653f3021e31,test,missed_reference,14,
6d25dd181653f3021e31,test,false_prediction,3,0.7026286721229553
6d25dd181653f3021e31,test,false_prediction,5,0.610598087310791
6d25dd181653f3021e31,test,false_prediction,6,0.5994908213615417
6d25dd181653f3021e31,test,false_prediction,7,0.5935424566268921
6d25dd181653f3021e31,test,false_prediction,8,0.589326024055481
6d25dd181653f3021e31,test,false_prediction,9,0.5813562273979187
6d25dd181653f3021e31,test,false_prediction,11,0.5346967577934265
6d25dd181653f3021e31,test,false_prediction,12,0.5234096646308899
6d25dd181653f3021e31,test,false_prediction,14,0.4150400757789612
6d25dd181653f3021e31,test,false_prediction,15,0.40969353914260864
6d25dd181653f3021e31,test,false_prediction,16,0.38332459330558777
6d25dd181653f3021e31,test,false_prediction,17,0.35755547881126404
6d25dd181653f3021e31,test,false_prediction,18,0.35665252804756165
6d25dd181653f3021e31,test,false_prediction,19,0.3455860912799835
6d25dd181653f3021e31,test,false_prediction,20,0.34172365069389343
6d25dd181653f3021e31,test,false_prediction,21,0.3006141483783722
6d25dd181653f3021e31,test,false_prediction,23,0.28532838821411133
6d25dd181653f3021e31,test,false_prediction,24,0.2608436346054077
6d25dd181653f3021e31,test,false_prediction,25,0.2532775402069092
711f8dbf36d85bf43593,test,missed_reference,4,
711f8dbf36d85bf43593,test,missed_reference,6,
711f8dbf36d85bf43593,test,missed_reference,9,
711f8dbf36d85bf43593,test,missed_reference,11,
711f8dbf36d85bf43593,test,missed_reference,12,
711f8dbf36d85bf43593,test,false_prediction,12,0.44287121295928955
711f8dbf36d85bf43593,test,false_prediction,13,0.41812217235565186
711f8dbf36d85bf43593,test,false_prediction,14,0.305584192276001
7289329fcf8bdaade761,test,missed_reference,15,
7289329fcf8bdaade761,test,false_prediction,5,0.8434945940971375
7289329fcf8bdaade761,test,false_prediction,18,0.4333159327507019
7289329fcf8bdaade761,test,false_prediction,19,0.26995888352394104
729a14fe4dcbc02413af,test,false_prediction,8,0.7478152513504028
72a381b2c378c4e76264,test,missed_reference,2,
72a381b2c378c4e76264,test,missed_reference,9,
72a381b2c378c4e76264,test,missed_reference,20,
72a381b2c378c4e76264,test,missed_reference,21,
72a381b2c378c4e76264,test,missed_reference,22,
72a381b2c378c4e76264,test,missed_reference,23,
72a381b2c378c4e76264,test,missed_reference,24,
72a381b2c378c4e76264,test,missed_reference,25,
72a381b2c378c4e76264,test,false_prediction,13,0.6546550393104553
72a381b2c378c4e76264,test,false_prediction,14,0.6122981309890747
72a381b2c378c4e76264,test,false_prediction,17,0.5475261211395264
72a381b2c378c4e76264,test,false_prediction,21,0.3389999568462372
72a381b2c378c4e76264,test,false_prediction,22,0.31033095717430115
72a381b2c378c4e76264,test,false_prediction,23,0.284614235162735
740fa53fbfa43e9b9fb3,test,missed_reference,5,
740fa53fbfa43e9b9fb3,test,missed_reference,6,
740fa53fbfa43e9b9fb3,test,missed_reference,8,
740fa53fbfa43e9b9fb3,test,missed_reference,9,
740fa53fbfa43e9b9fb3,test,false_prediction,5,0.6235232949256897
740fa53fbfa43e9b9fb3,test,false_prediction,6,0.45679953694343567
740fa53fbfa43e9b9fb3,test,false_prediction,7,0.39192765951156616
740fa53fbfa43e9b9fb3,test,false_prediction,8,0.38353464007377625
740fa53fbfa43e9b9fb3,test,false_prediction,10,0.32534468173980713
7797c812f8c009b27b71,test,missed_reference,7,
7797c812f8c009b27b71,test,missed_reference,8,
7aedae26af8aede617ef,test,false_prediction,6,0.35577282309532166
7b6edc61b1de779e406e,test,missed_reference,1,
7b6edc61b1de779e406e,test,missed_reference,5,
7b6edc61b1de779e406e,test,missed_reference,6,
7b6edc61b1de779e406e,test,missed_reference,10,
7b6edc61b1de779e406e,test,false_prediction,5,0.5012435913085938
7b6edc61b1de779e406e,test,false_prediction,6,0.48298943042755127
7ccd918097d1aab1113e,test,missed_reference,8,
7ccd918097d1aab1113e,test,missed_reference,9,
7ccd918097d1aab1113e,test,missed_reference,10,
7ccd918097d1aab1113e,test,missed_reference,11,
7ccd918097d1aab1113e,test,missed_reference,16,
7ccd918097d1aab1113e,test,false_prediction,3,0.6137118935585022
7ccd918097d1aab1113e,test,false_prediction,8,0.45503804087638855
7ccd918097d1aab1113e,test,false_prediction,11,0.3706683814525604
7ccd918097d1aab1113e,test,false_prediction,12,0.30210748314857483
7cfe9ee642724198f8e9,test,false_prediction,11,0.30076608061790466
7e4b7311fd9eee4e50fe,test,missed_reference,1,
7e4b7311fd9eee4e50fe,test,missed_reference,7,
7e4b7311fd9eee4e50fe,test,missed_reference,9,
7e4b7311fd9eee4e50fe,test,missed_reference,10,
7e4b7311fd9eee4e50fe,test,missed_reference,11,
7e4b7311fd9eee4e50fe,test,false_prediction,2,0.7194047570228577
7e4b7311fd9eee4e50fe,test,false_prediction,4,0.6545433402061462
7e4b7311fd9eee4e50fe,test,false_prediction,6,0.5736798048019409
7e4b7311fd9eee4e50fe,test,false_prediction,7,0.517327070236206
7e4b7311fd9eee4e50fe,test,false_prediction,9,0.45695000886917114
7e4b7311fd9eee4e50fe,test,false_prediction,10,0.38091376423835754
7e4b7311fd9eee4e50fe,test,false_prediction,12,0.3206871747970581
7e4b7311fd9eee4e50fe,test,false_prediction,13,0.30254629254341125
7e4b7311fd9eee4e50fe,test,false_prediction,14,0.2934027910232544
7e4b7311fd9eee4e50fe,test,false_prediction,15,0.2832547426223755
7eccb58a3abcb772d535,test,missed_reference,12,
7eccb58a3abcb772d535,test,false_prediction,6,0.8127947449684143
7eccb58a3abcb772d535,test,false_prediction,11,0.5790578126907349
7eccb58a3abcb772d535,test,false_prediction,13,0.42504629492759705
7eccb58a3abcb772d535,test,false_prediction,16,0.2808212637901306
7eccb58a3abcb772d535,test,false_prediction,17,0.2717236280441284
7eccb58a3abcb772d535,test,false_prediction,18,0.25311964750289917
7eebb3d452d0d6d566d2,test,missed_reference,9,
7eebb3d452d0d6d566d2,test,false_prediction,9,0.26069995760917664
7f8eb05fafee02c4c9a6,test,false_prediction,4,0.48856601119041443
819a8b1a6d20c8e1eecd,test,missed_reference,4,
819a8b1a6d20c8e1eecd,test,missed_reference,7,
819a8b1a6d20c8e1eecd,test,missed_reference,8,
819a8b1a6d20c8e1eecd,test,false_prediction,5,0.3646998107433319
819a8b1a6d20c8e1eecd,test,false_prediction,6,0.330436110496521
819a8b1a6d20c8e1eecd,test,false_prediction,8,0.2743583917617798
81e53f434ba3aff38d15,test,missed_reference,1,
81e53f434ba3aff38d15,test,missed_reference,11,
81e53f434ba3aff38d15,test,missed_reference,12,
81e53f434ba3aff38d15,test,false_prediction,11,0.28142836689949036
81e53f434ba3aff38d15,test,false_prediction,12,0.26750290393829346
81e53f434ba3aff38d15,test,false_prediction,13,0.26210182905197144
830b246bb34ac389689d,test,missed_reference,4,
830b246bb34ac389689d,test,missed_reference,5,
830b246bb34ac389689d,test,missed_reference,7,
830b246bb34ac389689d,test,false_prediction,2,0.6480532288551331
830b246bb34ac389689d,test,false_prediction,3,0.6391047835350037
830b246bb34ac389689d,test,false_prediction,6,0.39863958954811096
830b246bb34ac389689d,test,false_prediction,7,0.3853238523006439
830b246bb34ac389689d,test,false_prediction,8,0.3731502294540405
830b246bb34ac389689d,test,false_prediction,9,0.3012072741985321
830b246bb34ac389689d,test,false_prediction,11,0.2755086421966553
830b246bb34ac389689d,test,false_prediction,12,0.26960495114326477
830b246bb34ac389689d,test,false_prediction,13,0.2568756937980652
830b246bb34ac389689d,test,false_prediction,14,0.2560572326183319
830b246bb34ac389689d,test,false_prediction,15,0.25425708293914795
839e9bc4501d64810313,test,missed_reference,5,
839e9bc4501d64810313,test,false_prediction,5,0.39093658328056335
839e9bc4501d64810313,test,false_prediction,11,0.2806939482688904
839e9bc4501d64810313,test,false_prediction,13,0.27821266651153564
839e9bc4501d64810313,test,false_prediction,14,0.2708497643470764
839e9bc4501d64810313,test,false_prediction,15,0.2690337598323822
839e9bc4501d64810313,test,false_prediction,16,0.2520068883895874
844dd84c90f640ac3204,test,missed_reference,22,
844dd84c90f640ac3204,test,missed_reference,25,
844dd84c90f640ac3204,test,missed_reference,26,
844dd84c90f640ac3204,test,false_prediction,10,0.4623189866542816
844dd84c90f640ac3204,test,false_prediction,25,0.2638276219367981
85205bb276773c10fbea,test,missed_reference,15,
85205bb276773c10fbea,test,false_prediction,10,0.5247486233711243
85205bb276773c10fbea,test,false_prediction,12,0.4840700030326843
85205bb276773c10fbea,test,false_prediction,16,0.35713672637939453
85205bb276773c10fbea,test,false_prediction,17,0.336748868227005
85205bb276773c10fbea,test,false_prediction,18,0.3144078254699707
8591427161c524499780,test,missed_reference,8,
8591427161c524499780,test,false_prediction,9,0.5533539652824402
8591427161c524499780,test,false_prediction,10,0.542282223701477
8591427161c524499780,test,false_prediction,11,0.5149072408676147
8591427161c524499780,test,false_prediction,13,0.36923134326934814
8591427161c524499780,test,false_prediction,15,0.3216959238052368
8591427161c524499780,test,false_prediction,16,0.27731430530548096
8591427161c524499780,test,false_prediction,17,0.26760631799697876
86765cf66e373d4f19c7,test,missed_reference,1,
86765cf66e373d4f19c7,test,missed_reference,3,
888b29ac72f00aa9b0a4,test,missed_reference,8,
888b29ac72f00aa9b0a4,test,missed_reference,12,
888b29ac72f00aa9b0a4,test,missed_reference,13,
888b29ac72f00aa9b0a4,test,missed_reference,14,
888b29ac72f00aa9b0a4,test,missed_reference,15,
888b29ac72f00aa9b0a4,test,missed_reference,16,
888b29ac72f00aa9b0a4,test,missed_reference,17,
888b29ac72f00aa9b0a4,test,missed_reference,18,
888b29ac72f00aa9b0a4,test,missed_reference,19,
888b29ac72f00aa9b0a4,test,missed_reference,20,
888b29ac72f00aa9b0a4,test,false_prediction,4,0.6435315012931824
888b29ac72f00aa9b0a4,test,false_prediction,8,0.4024116098880768
888b29ac72f00aa9b0a4,test,false_prediction,10,0.36977624893188477
888b29ac72f00aa9b0a4,test,false_prediction,14,0.3031655550003052
888b29ac72f00aa9b0a4,test,false_prediction,15,0.3010643720626831
888b29ac72f00aa9b0a4,test,false_prediction,16,0.2507598400115967
891f3ff8586e46d69518,test,false_prediction,6,0.2982042729854584
89ac9fe45664f4c42ad6,test,missed_reference,1,
89ac9fe45664f4c42ad6,test,missed_reference,3,
89ac9fe45664f4c42ad6,test,missed_reference,4,
89ac9fe45664f4c42ad6,test,false_prediction,1,0.6141957640647888
89ac9fe45664f4c42ad6,test,false_prediction,2,0.4693886637687683
89ac9fe45664f4c42ad6,test,false_prediction,3,0.4551912844181061
89ac9fe45664f4c42ad6,test,false_prediction,7,0.3042023181915283
8c10a746f7fb065fd8e2,test,missed_reference,7,
8c10a746f7fb065fd8e2,test,missed_reference,8,
8c10a746f7fb065fd8e2,test,missed_reference,11,
8c10a746f7fb065fd8e2,test,false_prediction,10,0.29392051696777344
8c10a746f7fb065fd8e2,test,false_prediction,11,0.28377074003219604
8cec87b4f6890f4f800c,test,missed_reference,4,
8cec87b4f6890f4f800c,test,false_prediction,10,0.5250922441482544
8cec87b4f6890f4f800c,test,false_prediction,13,0.3627552390098572
8cec87b4f6890f4f800c,test,false_prediction,15,0.2707691788673401
8f37ecdb69402da4e8f8,test,false_prediction,11,0.3517971932888031
8f37ecdb69402da4e8f8,test,false_prediction,12,0.25030517578125
91559ca0f839f90cc9f9,test,missed_reference,4,
91559ca0f839f90cc9f9,test,false_prediction,7,0.506270706653595
91559ca0f839f90cc9f9,test,false_prediction,8,0.4373604357242584
91559ca0f839f90cc9f9,test,false_prediction,9,0.3804514706134796
91d0c6d931cb18e728ee,test,missed_reference,1,
91d0c6d931cb18e728ee,test,missed_reference,8,
91d0c6d931cb18e728ee,test,missed_reference,9,
91d0c6d931cb18e728ee,test,missed_reference,11,
91d0c6d931cb18e728ee,test,missed_reference,13,
91d0c6d931cb18e728ee,test,missed_reference,14,
91d0c6d931cb18e728ee,test,missed_reference,15,
91d0c6d931cb18e728ee,test,missed_reference,16,
91d0c6d931cb18e728ee,test,missed_reference,17,
91d0c6d931cb18e728ee,test,missed_reference,18,
91d0c6d931cb18e728ee,test,missed_reference,19,
91d0c6d931cb18e728ee,test,missed_reference,20,
91d0c6d931cb18e728ee,test,missed_reference,21,
91d0c6d931cb18e728ee,test,missed_reference,22,
91d0c6d931cb18e728ee,test,missed_reference,23,
91d0c6d931cb18e728ee,test,missed_reference,24,
91d0c6d931cb18e728ee,test,false_prediction,5,0.7938480973243713
91d0c6d931cb18e728ee,test,false_prediction,6,0.7104862928390503
91d0c6d931cb18e728ee,test,false_prediction,8,0.6012152433395386
91d0c6d931cb18e728ee,test,false_prediction,9,0.5864261388778687
91d0c6d931cb18e728ee,test,false_prediction,10,0.5718242526054382
91d0c6d931cb18e728ee,test,false_prediction,11,0.5300652384757996
91d0c6d931cb18e728ee,test,false_prediction,12,0.4653307795524597
91d0c6d931cb18e728ee,test,false_prediction,14,0.4138805568218231
91d0c6d931cb18e728ee,test,false_prediction,16,0.35487374663352966
91d0c6d931cb18e728ee,test,false_prediction,18,0.2810969650745392
91d0c6d931cb18e728ee,test,false_prediction,19,0.2657310962677002
9334dc57e45d5490d766,test,false_prediction,3,0.7270108461380005
9334dc57e45d5490d766,test,false_prediction,4,0.6728694438934326
9334dc57e45d5490d766,test,false_prediction,6,0.6097052097320557
9334dc57e45d5490d766,test,false_prediction,8,0.3982299864292145
9334dc57e45d5490d766,test,false_prediction,10,0.2842146158218384
93e33972d0772d9483dc,test,missed_reference,10,
93e33972d0772d9483dc,test,missed_reference,12,
93e33972d0772d9483dc,test,missed_reference,15,
93e33972d0772d9483dc,test,missed_reference,16,
93e33972d0772d9483dc,test,missed_reference,17,
93e33972d0772d9483dc,test,false_prediction,9,0.44125184416770935
93e33972d0772d9483dc,test,false_prediction,10,0.3977746069431305
93e33972d0772d9483dc,test,false_prediction,11,0.3919878900051117
93e33972d0772d9483dc,test,false_prediction,15,0.3338977098464966
93e33972d0772d9483dc,test,false_prediction,17,0.25245416164398193
95c4a1a92dbf83c665fe,test,missed_reference,4,
95c4a1a92dbf83c665fe,test,missed_reference,12,
95c4a1a92dbf83c665fe,test,false_prediction,5,0.6182076334953308
95c4a1a92dbf83c665fe,test,false_prediction,9,0.400989830493927
95c4a1a92dbf83c665fe,test,false_prediction,13,0.3609154522418976
95c4a1a92dbf83c665fe,test,false_prediction,14,0.25990936160087585
9841aaff79b300e86417,test,missed_reference,12,
9841aaff79b300e86417,test,missed_reference,14,
9841aaff79b300e86417,test,missed_reference,15,
9841aaff79b300e86417,test,missed_reference,16,
9841aaff79b300e86417,test,missed_reference,17,
9841aaff79b300e86417,test,false_prediction,5,0.7216869592666626
9841aaff79b300e86417,test,false_prediction,6,0.6407778263092041
9841aaff79b300e86417,test,false_prediction,12,0.36157146096229553
98f39617340a6cc8a67a,test,missed_reference,2,
98f39617340a6cc8a67a,test,false_prediction,4,0.7048653364181519
98f39617340a6cc8a67a,test,false_prediction,6,0.38632747530937195
98f39617340a6cc8a67a,test,false_prediction,8,0.3194381892681122
98f39617340a6cc8a67a,test,false_prediction,9,0.27494868636131287
98f39617340a6cc8a67a,test,false_prediction,10,0.2633051574230194
997449d9ff40879be267,test,missed_reference,1,
997449d9ff40879be267,test,missed_reference,13,
997449d9ff40879be267,test,missed_reference,14,
997449d9ff40879be267,test,missed_reference,15,
997449d9ff40879be267,test,missed_reference,17,
997449d9ff40879be267,test,false_prediction,8,0.4792187809944153
997449d9ff40879be267,test,false_prediction,9,0.4726088047027588
997449d9ff40879be267,test,false_prediction,13,0.35373425483703613
9a87bb672a2330500656,test,missed_reference,1,
9a87bb672a2330500656,test,missed_reference,13,
9a87bb672a2330500656,test,missed_reference,14,
9a87bb672a2330500656,test,false_prediction,13,0.44207507371902466
9a87bb672a2330500656,test,false_prediction,14,0.38889360427856445
9b769431accdfc6b5f57,test,missed_reference,3,
9b769431accdfc6b5f57,test,missed_reference,5,
9b769431accdfc6b5f57,test,missed_reference,8,
9b769431accdfc6b5f57,test,missed_reference,10,
9b769431accdfc6b5f57,test,missed_reference,11,
9b769431accdfc6b5f57,test,missed_reference,13,
9b769431accdfc6b5f57,test,false_prediction,5,0.7051666975021362
9b769431accdfc6b5f57,test,false_prediction,7,0.5867123007774353
9b769431accdfc6b5f57,test,false_prediction,11,0.3233545124530792
9b89e880a10960ab15b3,test,missed_reference,6,
9b89e880a10960ab15b3,test,missed_reference,7,
9b89e880a10960ab15b3,test,false_prediction,6,0.5700581073760986
9b89e880a10960ab15b3,test,false_prediction,7,0.49949267506599426
9b89e880a10960ab15b3,test,false_prediction,8,0.35410407185554504
9b89e880a10960ab15b3,test,false_prediction,9,0.3363540470600128
9b89e880a10960ab15b3,test,false_prediction,10,0.28470009565353394
9b89e880a10960ab15b3,test,false_prediction,11,0.25647956132888794
9b8c004701b548c0cece,test,missed_reference,3,
9b8c004701b548c0cece,test,missed_reference,5,
9b8c004701b548c0cece,test,false_prediction,2,0.8497074842453003
9b8c004701b548c0cece,test,false_prediction,5,0.6186578273773193
9b8c004701b548c0cece,test,false_prediction,8,0.31732234358787537
9b8c004701b548c0cece,test,false_prediction,10,0.27603960037231445
9c3d576c58ac831eb5f5,test,missed_reference,13,
9c3d576c58ac831eb5f5,test,missed_reference,14,
9c3d576c58ac831eb5f5,test,missed_reference,15,
9c3d576c58ac831eb5f5,test,false_prediction,13,0.3862978219985962
9d05c4ba96153ec4a4df,test,missed_reference,4,
9d05c4ba96153ec4a4df,test,missed_reference,9,
9d05c4ba96153ec4a4df,test,missed_reference,13,
9d05c4ba96153ec4a4df,test,missed_reference,14,
9d05c4ba96153ec4a4df,test,false_prediction,8,0.47710874676704407
9d05c4ba96153ec4a4df,test,false_prediction,9,0.4569677412509918
9d05c4ba96153ec4a4df,test,false_prediction,10,0.45360857248306274
9d05c4ba96153ec4a4df,test,false_prediction,12,0.4094579219818115
9d05c4ba96153ec4a4df,test,false_prediction,13,0.4014816880226135
9d05c4ba96153ec4a4df,test,false_prediction,14,0.38380321860313416
9d05c4ba96153ec4a4df,test,false_prediction,15,0.38366541266441345
9d05c4ba96153ec4a4df,test,false_prediction,17,0.3469606041908264
9d05c4ba96153ec4a4df,test,false_prediction,19,0.33287012577056885
9d05c4ba96153ec4a4df,test,false_prediction,20,0.31128790974617004
9d05c4ba96153ec4a4df,test,false_prediction,21,0.2931603789329529
9d05c4ba96153ec4a4df,test,false_prediction,22,0.2903149127960205
9d05c4ba96153ec4a4df,test,false_prediction,23,0.28880125284194946
9d05c4ba96153ec4a4df,test,false_prediction,24,0.27158936858177185
9d05c4ba96153ec4a4df,test,false_prediction,25,0.2651279866695404
9d05c4ba96153ec4a4df,test,false_prediction,26,0.26059311628341675
9fb5f31c0b6248d0dba5,test,missed_reference,1,
9fb5f31c0b6248d0dba5,test,missed_reference,2,
9fb5f31c0b6248d0dba5,test,missed_reference,7,
9fb5f31c0b6248d0dba5,test,missed_reference,8,
9fb5f31c0b6248d0dba5,test,false_prediction,9,0.2839537560939789
9fb5f31c0b6248d0dba5,test,false_prediction,10,0.26705998182296753
9fc4796374629a88d0b1,test,missed_reference,1,
9fc4796374629a88d0b1,test,missed_reference,12,
9fc4796374629a88d0b1,test,false_prediction,10,0.31677088141441345
a0a7409d31f8233d04df,test,missed_reference,2,
a0a7409d31f8233d04df,test,missed_reference,6,
a0a7409d31f8233d04df,test,missed_reference,7,
a0a7409d31f8233d04df,test,missed_reference,9,
a0a7409d31f8233d04df,test,missed_reference,13,
a0a7409d31f8233d04df,test,missed_reference,14,
a0a7409d31f8233d04df,test,missed_reference,18,
a0a7409d31f8233d04df,test,missed_reference,19,
a0a7409d31f8233d04df,test,missed_reference,20,
a0a7409d31f8233d04df,test,false_prediction,12,0.29669803380966187
a0a7409d31f8233d04df,test,false_prediction,13,0.2874077260494232
a19d518c6b1544388764,test,false_prediction,8,0.7825873494148254
a19d518c6b1544388764,test,false_prediction,19,0.31289035081863403
a4005d561d56d8633fe4,test,false_prediction,10,0.4679374396800995
a4005d561d56d8633fe4,test,false_prediction,12,0.341280996799469
a4005d561d56d8633fe4,test,false_prediction,13,0.3315431475639343
a48663b8ca6f30c587e8,test,missed_reference,8,
a4b4c8e5fca88ea10229,test,missed_reference,3,
a4b4c8e5fca88ea10229,test,missed_reference,17,
a4b4c8e5fca88ea10229,test,missed_reference,18,
a4b4c8e5fca88ea10229,test,missed_reference,19,
a4b4c8e5fca88ea10229,test,missed_reference,20,
a4b4c8e5fca88ea10229,test,missed_reference,21,
a4b4c8e5fca88ea10229,test,missed_reference,22,
a4b4c8e5fca88ea10229,test,missed_reference,23,
a4b4c8e5fca88ea10229,test,missed_reference,24,
a4b4c8e5fca88ea10229,test,false_prediction,7,0.4367329776287079
a4b4c8e5fca88ea10229,test,false_prediction,12,0.35641491413116455
a4b4c8e5fca88ea10229,test,false_prediction,13,0.35272765159606934
a4b4c8e5fca88ea10229,test,false_prediction,19,0.3221787214279175
a4b4c8e5fca88ea10229,test,false_prediction,22,0.2590300738811493
a4b4c8e5fca88ea10229,test,false_prediction,23,0.2579258382320404
a4b4c8e5fca88ea10229,test,false_prediction,24,0.25022634863853455
a5871f68c483f2d202b2,test,false_prediction,17,0.458967924118042
a5871f68c483f2d202b2,test,false_prediction,18,0.3907257616519928
a5871f68c483f2d202b2,test,false_prediction,19,0.3776424527168274
a5871f68c483f2d202b2,test,false_prediction,20,0.330658495426178
a5871f68c483f2d202b2,test,false_prediction,21,0.30032607913017273
a5938c6e473d7c041e36,test,missed_reference,4,
a5938c6e473d7c041e36,test,missed_reference,5,
a5938c6e473d7c041e36,test,missed_reference,7,
a5938c6e473d7c041e36,test,missed_reference,8,
a5938c6e473d7c041e36,test,missed_reference,10,
a5938c6e473d7c041e36,test,missed_reference,11,
a5938c6e473d7c041e36,test,missed_reference,12,
a5938c6e473d7c041e36,test,missed_reference,13,
a5938c6e473d7c041e36,test,missed_reference,14,
a5938c6e473d7c041e36,test,missed_reference,15,
a5938c6e473d7c041e36,test,false_prediction,4,0.659233808517456
a5938c6e473d7c041e36,test,false_prediction,5,0.6268171072006226
a69bce9557d2adf2415e,test,missed_reference,2,
a69bce9557d2adf2415e,test,missed_reference,3,
a69bce9557d2adf2415e,test,missed_reference,4,
a69bce9557d2adf2415e,test,false_prediction,1,0.8921507596969604
a69bce9557d2adf2415e,test,false_prediction,2,0.7804543375968933
a69bce9557d2adf2415e,test,false_prediction,3,0.7337914109230042
a69bce9557d2adf2415e,test,false_prediction,6,0.7206329107284546
a69bce9557d2adf2415e,test,false_prediction,7,0.6735933423042297
a69bce9557d2adf2415e,test,false_prediction,10,0.6346852779388428
a69bce9557d2adf2415e,test,false_prediction,11,0.5722867846488953
a69bce9557d2adf2415e,test,false_prediction,12,0.5717612504959106
a69bce9557d2adf2415e,test,false_prediction,13,0.47001269459724426
a69bce9557d2adf2415e,test,false_prediction,14,0.2997756898403168
a6cae70606b5d07de127,test,missed_reference,2,
a6cae70606b5d07de127,test,missed_reference,4,
a6cae70606b5d07de127,test,missed_reference,7,
a6cae70606b5d07de127,test,missed_reference,10,
a6cae70606b5d07de127,test,missed_reference,11,
a6cae70606b5d07de127,test,missed_reference,13,
a6cae70606b5d07de127,test,false_prediction,5,0.7886157035827637
a6cae70606b5d07de127,test,false_prediction,6,0.7712422013282776
a6cae70606b5d07de127,test,false_prediction,7,0.746792733669281
a6cae70606b5d07de127,test,false_prediction,8,0.7096729278564453
a6cae70606b5d07de127,test,false_prediction,12,0.3405662178993225
a820f3109024e8c7da34,test,missed_reference,14,
a820f3109024e8c7da34,test,missed_reference,17,
a820f3109024e8c7da34,test,missed_reference,19,
a820f3109024e8c7da34,test,missed_reference,20,
a820f3109024e8c7da34,test,missed_reference,21,
a820f3109024e8c7da34,test,missed_reference,22,
a820f3109024e8c7da34,test,false_prediction,12,0.4519733786582947
a820f3109024e8c7da34,test,false_prediction,16,0.3538409471511841
a820f3109024e8c7da34,test,false_prediction,17,0.30853885412216187
a820f3109024e8c7da34,test,false_prediction,19,0.297059029340744
a820f3109024e8c7da34,test,false_prediction,21,0.2503943145275116
a82c21a55639603800b6,test,missed_reference,5,
a82c21a55639603800b6,test,missed_reference,8,
a82c21a55639603800b6,test,missed_reference,14,
a82c21a55639603800b6,test,missed_reference,15,
a82c21a55639603800b6,test,missed_reference,16,
a82c21a55639603800b6,test,missed_reference,17,
a82c21a55639603800b6,test,false_prediction,8,0.4478170871734619
a8a0a5b16289ad8a8f5c,test,missed_reference,1,
a8a0a5b16289ad8a8f5c,test,missed_reference,2,
a8a0a5b16289ad8a8f5c,test,missed_reference,6,
a8a0a5b16289ad8a8f5c,test,missed_reference,7,
a8a0a5b16289ad8a8f5c,test,missed_reference,8,
a8a0a5b16289ad8a8f5c,test,missed_reference,17,
a8a0a5b16289ad8a8f5c,test,false_prediction,8,0.5492730736732483
a8a0a5b16289ad8a8f5c,test,false_prediction,13,0.3406054377555847
a8a0a5b16289ad8a8f5c,test,false_prediction,14,0.32504960894584656
a8d95369b60b6729580c,test,false_prediction,16,0.4415663480758667
a8d95369b60b6729580c,test,false_prediction,17,0.3892204463481903
aa169596aa2b594422ba,test,missed_reference,5,
aa169596aa2b594422ba,test,missed_reference,12,
aa169596aa2b594422ba,test,missed_reference,13,
aa169596aa2b594422ba,test,missed_reference,14,
aa169596aa2b594422ba,test,missed_reference,15,
aa169596aa2b594422ba,test,false_prediction,8,0.6673123836517334
aa169596aa2b594422ba,test,false_prediction,9,0.6462669968605042
aa169596aa2b594422ba,test,false_prediction,11,0.45758238434791565
aa169596aa2b594422ba,test,false_prediction,12,0.31735798716545105
aa169596aa2b594422ba,test,false_prediction,13,0.3071032762527466
aa169596aa2b594422ba,test,false_prediction,14,0.2743469178676605
aa169596aa2b594422ba,test,false_prediction,17,0.25132545828819275
ac710e3e5872a5cd9923,test,missed_reference,10,
ac710e3e5872a5cd9923,test,missed_reference,11,
ac710e3e5872a5cd9923,test,missed_reference,12,
ac710e3e5872a5cd9923,test,missed_reference,13,
ac710e3e5872a5cd9923,test,false_prediction,4,0.7095803618431091
ace9854f014bd8f569ac,test,missed_reference,4,
ace9854f014bd8f569ac,test,missed_reference,8,
ace9854f014bd8f569ac,test,missed_reference,10,
ace9854f014bd8f569ac,test,missed_reference,12,
ace9854f014bd8f569ac,test,false_prediction,7,0.5568737983703613
ace9854f014bd8f569ac,test,false_prediction,8,0.5116259455680847
af74336a1f561ee06aba,test,missed_reference,1,
af74336a1f561ee06aba,test,missed_reference,5,
af74336a1f561ee06aba,test,false_prediction,4,0.2929583489894867
af74336a1f561ee06aba,test,false_prediction,5,0.2519163191318512
b497b04ad8f423bf05fa,test,missed_reference,14,
b497b04ad8f423bf05fa,test,missed_reference,15,
b497b04ad8f423bf05fa,test,false_prediction,14,0.3075830042362213
b54a5682bda91fa1d732,test,missed_reference,1,
b5ed1c99bc4cf1671c8c,test,false_prediction,12,0.2778601348400116
b6031c4910b2b0c062ed,test,missed_reference,2,
b6031c4910b2b0c062ed,test,missed_reference,8,
b6031c4910b2b0c062ed,test,missed_reference,9,
b6031c4910b2b0c062ed,test,missed_reference,11,
b6031c4910b2b0c062ed,test,missed_reference,13,
b6031c4910b2b0c062ed,test,missed_reference,14,
b6031c4910b2b0c062ed,test,missed_reference,15,
b6031c4910b2b0c062ed,test,missed_reference,16,
b6031c4910b2b0c062ed,test,false_prediction,2,0.8463913798332214
b6031c4910b2b0c062ed,test,false_prediction,3,0.7970907688140869
b6031c4910b2b0c062ed,test,false_prediction,5,0.7614075541496277
b6031c4910b2b0c062ed,test,false_prediction,11,0.38592416048049927
b6031c4910b2b0c062ed,test,false_prediction,12,0.3267231583595276
b6985ee08a05e69c5cf7,test,missed_reference,10,
b6985ee08a05e69c5cf7,test,missed_reference,12,
b6985ee08a05e69c5cf7,test,false_prediction,14,0.4159257411956787
b6985ee08a05e69c5cf7,test,false_prediction,15,0.405105859041214
b6985ee08a05e69c5cf7,test,false_prediction,16,0.3043573796749115
b6985ee08a05e69c5cf7,test,false_prediction,17,0.2631767988204956
b71c68343e34bbda37fd,test,missed_reference,8,
b71c68343e34bbda37fd,test,missed_reference,9,
b71c68343e34bbda37fd,test,missed_reference,10,
b71c68343e34bbda37fd,test,missed_reference,14,
b71c68343e34bbda37fd,test,missed_reference,15,
b71c68343e34bbda37fd,test,missed_reference,16,
b71c68343e34bbda37fd,test,missed_reference,17,
b71c68343e34bbda37fd,test,missed_reference,18,
b71c68343e34bbda37fd,test,missed_reference,20,
b71c68343e34bbda37fd,test,false_prediction,9,0.47547006607055664
b71c68343e34bbda37fd,test,false_prediction,10,0.4244108498096466
b71c68343e34bbda37fd,test,false_prediction,12,0.3406565487384796
b84231d198683a35216a,test,false_prediction,4,0.8466143608093262
b84231d198683a35216a,test,false_prediction,12,0.5944318771362305
b84231d198683a35216a,test,false_prediction,15,0.44142818450927734
b84231d198683a35216a,test,false_prediction,17,0.4170529544353485
b84231d198683a35216a,test,false_prediction,20,0.26661574840545654
b9409b19b22f55a54be9,test,missed_reference,1,
b9409b19b22f55a54be9,test,missed_reference,4,
b9409b19b22f55a54be9,test,missed_reference,10,
b9409b19b22f55a54be9,test,missed_reference,12,
b9409b19b22f55a54be9,test,missed_reference,19,
b9409b19b22f55a54be9,test,missed_reference,20,
b9409b19b22f55a54be9,test,missed_reference,22,
b9409b19b22f55a54be9,test,missed_reference,23,
b9409b19b22f55a54be9,test,missed_reference,24,
b9409b19b22f55a54be9,test,missed_reference,27,
b9409b19b22f55a54be9,test,false_prediction,6,0.6943600177764893
b9409b19b22f55a54be9,test,false_prediction,15,0.43333688378334045
b9409b19b22f55a54be9,test,false_prediction,20,0.27211323380470276
b9409b19b22f55a54be9,test,false_prediction,21,0.2669915556907654
b9409b19b22f55a54be9,test,false_prediction,22,0.2526315450668335
b9409b19b22f55a54be9,test,false_prediction,23,0.250173419713974
b9b447b2ef45182acd2f,test,missed_reference,2,
b9b447b2ef45182acd2f,test,false_prediction,13,0.4147050976753235
b9b447b2ef45182acd2f,test,false_prediction,14,0.3813246190547943
b9b447b2ef45182acd2f,test,false_prediction,16,0.3202953636646271
bae512179fee29f02c8b,test,missed_reference,2,
bae512179fee29f02c8b,test,false_prediction,3,0.6918790936470032
bae512179fee29f02c8b,test,false_prediction,7,0.42055773735046387
bae512179fee29f02c8b,test,false_prediction,12,0.362216055393219
bae512179fee29f02c8b,test,false_prediction,13,0.3015282154083252
bae512179fee29f02c8b,test,false_prediction,14,0.2876625955104828
bc9886e37c0ba4e4b549,test,missed_reference,6,
bc9886e37c0ba4e4b549,test,false_prediction,6,0.2615009546279907
bd49f1ecdf3e4ccca52e,test,missed_reference,8,
bd49f1ecdf3e4ccca52e,test,missed_reference,10,
bd49f1ecdf3e4ccca52e,test,missed_reference,11,
bd49f1ecdf3e4ccca52e,test,missed_reference,12,
bd49f1ecdf3e4ccca52e,test,missed_reference,14,
bd49f1ecdf3e4ccca52e,test,missed_reference,16,
bd49f1ecdf3e4ccca52e,test,false_prediction,10,0.3696901500225067
bd9d7dbd41e412ff1edd,test,missed_reference,4,
bd9d7dbd41e412ff1edd,test,missed_reference,9,
bd9d7dbd41e412ff1edd,test,false_prediction,8,0.6345579028129578
bd9d7dbd41e412ff1edd,test,false_prediction,10,0.585268497467041
bd9d7dbd41e412ff1edd,test,false_prediction,11,0.5319495797157288
bd9d7dbd41e412ff1edd,test,false_prediction,12,0.5258932709693909
bd9d7dbd41e412ff1edd,test,false_prediction,14,0.49638426303863525
bd9d7dbd41e412ff1edd,test,false_prediction,15,0.495387464761734
bd9d7dbd41e412ff1edd,test,false_prediction,18,0.4322531819343567
bd9d7dbd41e412ff1edd,test,false_prediction,20,0.2685970366001129
be7dff298c49aa27f2f9,test,missed_reference,8,
be7dff298c49aa27f2f9,test,missed_reference,14,
be7dff298c49aa27f2f9,test,false_prediction,9,0.6715413928031921
be7dff298c49aa27f2f9,test,false_prediction,14,0.2735399007797241
bf3094a05c96e0536d6f,test,missed_reference,5,
bf3094a05c96e0536d6f,test,missed_reference,8,
bf3094a05c96e0536d6f,test,missed_reference,9,
bf3094a05c96e0536d6f,test,missed_reference,10,
bf3094a05c96e0536d6f,test,missed_reference,12,
bf3094a05c96e0536d6f,test,missed_reference,13,
bf3094a05c96e0536d6f,test,missed_reference,14,
bf3094a05c96e0536d6f,test,missed_reference,17,
bf3094a05c96e0536d6f,test,missed_reference,18,
bf3094a05c96e0536d6f,test,missed_reference,19,
bf3094a05c96e0536d6f,test,false_prediction,4,0.7782093286514282
bf3094a05c96e0536d6f,test,false_prediction,9,0.5314378142356873
bf3094a05c96e0536d6f,test,false_prediction,10,0.5075544118881226
bf3094a05c96e0536d6f,test,false_prediction,12,0.48983222246170044
bf3094a05c96e0536d6f,test,false_prediction,13,0.44631773233413696
bf3094a05c96e0536d6f,test,false_prediction,14,0.42166972160339355
bf3094a05c96e0536d6f,test,false_prediction,15,0.32871997356414795
bf3094a05c96e0536d6f,test,false_prediction,17,0.3033832013607025
bf3094a05c96e0536d6f,test,false_prediction,18,0.30041375756263733
bf3094a05c96e0536d6f,test,false_prediction,19,0.2702142298221588
bf3094a05c96e0536d6f,test,false_prediction,20,0.2501358389854431
bfbbe5a19ec6f917d866,test,missed_reference,1,
bfbbe5a19ec6f917d866,test,missed_reference,3,
bfbbe5a19ec6f917d866,test,missed_reference,9,
bfbbe5a19ec6f917d866,test,missed_reference,10,
bfbbe5a19ec6f917d866,test,missed_reference,11,
bfbbe5a19ec6f917d866,test,missed_reference,13,
bfbbe5a19ec6f917d866,test,missed_reference,14,
bfbbe5a19ec6f917d866,test,missed_reference,15,
bfbbe5a19ec6f917d866,test,missed_reference,16,
bfbbe5a19ec6f917d866,test,missed_reference,17,
bfbbe5a19ec6f917d866,test,false_prediction,7,0.4493017792701721
bfbbe5a19ec6f917d866,test,false_prediction,9,0.3632947504520416
bfbbe5a19ec6f917d866,test,false_prediction,10,0.25772765278816223
bfda9c186a866e66bc7f,test,false_prediction,1,0.5768524408340454
bfda9c186a866e66bc7f,test,false_prediction,2,0.49998533725738525
bfda9c186a866e66bc7f,test,false_prediction,3,0.4886918067932129
bfda9c186a866e66bc7f,test,false_prediction,5,0.4325687289237976
bfda9c186a866e66bc7f,test,false_prediction,6,0.41718536615371704
bfda9c186a866e66bc7f,test,false_prediction,8,0.322818398475647
bfda9c186a866e66bc7f,test,false_prediction,9,0.3143731653690338
bfda9c186a866e66bc7f,test,false_prediction,10,0.27266183495521545
c09862351408c1853ad3,test,missed_reference,2,
c09862351408c1853ad3,test,missed_reference,13,
c09862351408c1853ad3,test,false_prediction,5,0.7943012714385986
c09862351408c1853ad3,test,false_prediction,12,0.5485537648200989
c09862351408c1853ad3,test,false_prediction,15,0.29781365394592285
c09862351408c1853ad3,test,false_prediction,16,0.28331446647644043
c53fe935f94adcb14491,test,missed_reference,3,
c53fe935f94adcb14491,test,missed_reference,7,
c53fe935f94adcb14491,test,missed_reference,8,
c53fe935f94adcb14491,test,missed_reference,11,
c53fe935f94adcb14491,test,missed_reference,12,
c53fe935f94adcb14491,test,missed_reference,15,
c53fe935f94adcb14491,test,false_prediction,4,0.5611342787742615
c53fe935f94adcb14491,test,false_prediction,7,0.49832773208618164
c53fe935f94adcb14491,test,false_prediction,9,0.38148483633995056
c6d865f78fc375fd0366,test,false_prediction,9,0.6495810151100159
c6d865f78fc375fd0366,test,false_prediction,11,0.5437740683555603
c7770484b5b6331d2134,test,missed_reference,3,
c7770484b5b6331d2134,test,missed_reference,15,
c7770484b5b6331d2134,test,missed_reference,16,
c7770484b5b6331d2134,test,false_prediction,12,0.41998350620269775
c7770484b5b6331d2134,test,false_prediction,13,0.35605689883232117
c7770484b5b6331d2134,test,false_prediction,15,0.29315364360809326
c7770484b5b6331d2134,test,false_prediction,16,0.2907037138938904
cac8a223c53448809112,test,missed_reference,1,
cac8a223c53448809112,test,missed_reference,5,
cac8a223c53448809112,test,missed_reference,6,
cac8a223c53448809112,test,missed_reference,8,
cac8a223c53448809112,test,false_prediction,6,0.639829695224762
cac8a223c53448809112,test,false_prediction,7,0.5834919214248657
cac8a223c53448809112,test,false_prediction,8,0.5314451456069946
cac8a223c53448809112,test,false_prediction,9,0.5074124932289124
cac8a223c53448809112,test,false_prediction,10,0.5054197907447815
cac8a223c53448809112,test,false_prediction,11,0.41782718896865845
cac8a223c53448809112,test,false_prediction,13,0.30563274025917053
cac8a223c53448809112,test,false_prediction,14,0.2813890278339386
cac8a223c53448809112,test,false_prediction,15,0.26602548360824585
cac8a223c53448809112,test,false_prediction,16,0.2642979919910431
cac8a223c53448809112,test,false_prediction,17,0.2528802156448364
cfc71e1641a893c4a89a,test,missed_reference,3,
cfc71e1641a893c4a89a,test,missed_reference,8,
cfc71e1641a893c4a89a,test,missed_reference,12,
cfc71e1641a893c4a89a,test,missed_reference,14,
cfc71e1641a893c4a89a,test,missed_reference,15,
cfc71e1641a893c4a89a,test,missed_reference,16,
cfc71e1641a893c4a89a,test,missed_reference,17,
cfc71e1641a893c4a89a,test,missed_reference,18,
cfc71e1641a893c4a89a,test,missed_reference,19,
cfc71e1641a893c4a89a,test,false_prediction,7,0.5591238141059875
d025ae64f33e07193a56,test,missed_reference,15,
d025ae64f33e07193a56,test,missed_reference,16,
d025ae64f33e07193a56,test,missed_reference,18,
d025ae64f33e07193a56,test,missed_reference,19,
d025ae64f33e07193a56,test,missed_reference,20,
d025ae64f33e07193a56,test,missed_reference,21,
d025ae64f33e07193a56,test,false_prediction,4,0.83942049741745
d025ae64f33e07193a56,test,false_prediction,10,0.5856391787528992
d025ae64f33e07193a56,test,false_prediction,16,0.3662135601043701
d025ae64f33e07193a56,test,false_prediction,17,0.34893709421157837
d025ae64f33e07193a56,test,false_prediction,19,0.31989914178848267
d064182f454df7879540,test,missed_reference,1,
d064182f454df7879540,test,missed_reference,6,
d064182f454df7879540,test,false_prediction,5,0.553928554058075
d064182f454df7879540,test,false_prediction,6,0.456403523683548
d064182f454df7879540,test,false_prediction,7,0.4477391541004181
d064182f454df7879540,test,false_prediction,8,0.39051327109336853
d0eea8611600bdcb3ed0,test,missed_reference,15,
d0eea8611600bdcb3ed0,test,false_prediction,12,0.4780057966709137
d0eea8611600bdcb3ed0,test,false_prediction,13,0.4077824354171753
d0eea8611600bdcb3ed0,test,false_prediction,14,0.3740593492984772
d0eea8611600bdcb3ed0,test,false_prediction,16,0.33540886640548706
d0eea8611600bdcb3ed0,test,false_prediction,20,0.278906911611557
d0eea8611600bdcb3ed0,test,false_prediction,21,0.2557803988456726
d23ed1917bc7a651d232,test,missed_reference,1,
d23ed1917bc7a651d232,test,missed_reference,8,
d23ed1917bc7a651d232,test,missed_reference,9,
d23ed1917bc7a651d232,test,false_prediction,4,0.7004587054252625
d23ed1917bc7a651d232,test,false_prediction,7,0.4165027141571045
d23ed1917bc7a651d232,test,false_prediction,8,0.35367581248283386
d23ed1917bc7a651d232,test,false_prediction,10,0.26825636625289917
d2a301a486c84d41744f,test,missed_reference,2,
d2a301a486c84d41744f,test,missed_reference,3,
d2a301a486c84d41744f,test,missed_reference,4,
d2a301a486c84d41744f,test,missed_reference,5,
d2a301a486c84d41744f,test,missed_reference,6,
d2a301a486c84d41744f,test,missed_reference,7,
d3004d606d2b2e82d3f9,test,missed_reference,1,
d3004d606d2b2e82d3f9,test,missed_reference,2,
d3004d606d2b2e82d3f9,test,missed_reference,8,
d3004d606d2b2e82d3f9,test,false_prediction,4,0.5410588383674622
d3004d606d2b2e82d3f9,test,false_prediction,6,0.3941681683063507
d3c347c7d551e1119d18,test,missed_reference,5,
d3c347c7d551e1119d18,test,missed_reference,7,
d3c347c7d551e1119d18,test,missed_reference,9,
d3c347c7d551e1119d18,test,missed_reference,10,
d3c347c7d551e1119d18,test,missed_reference,12,
d3c347c7d551e1119d18,test,missed_reference,13,
d3c347c7d551e1119d18,test,false_prediction,6,0.6812411546707153
d3c347c7d551e1119d18,test,false_prediction,7,0.6803253889083862
d3c347c7d551e1119d18,test,false_prediction,10,0.38813233375549316
d3c347c7d551e1119d18,test,false_prediction,11,0.2725522518157959
d4c0509d9969921fe7bf,test,missed_reference,3,
d4c0509d9969921fe7bf,test,missed_reference,5,
d4c0509d9969921fe7bf,test,missed_reference,6,
d4c0509d9969921fe7bf,test,missed_reference,10,
d4c0509d9969921fe7bf,test,missed_reference,14,
d4c0509d9969921fe7bf,test,false_prediction,11,0.5156992077827454
d4c0509d9969921fe7bf,test,false_prediction,12,0.4821075201034546
d4c0509d9969921fe7bf,test,false_prediction,13,0.4735812842845917
d4c0509d9969921fe7bf,test,false_prediction,15,0.3908628821372986
d4c0509d9969921fe7bf,test,false_prediction,18,0.3367961347103119
d4c0509d9969921fe7bf,test,false_prediction,21,0.30901333689689636
d4c0509d9969921fe7bf,test,false_prediction,22,0.28033751249313354
d4c0509d9969921fe7bf,test,false_prediction,24,0.26178449392318726
d4c0509d9969921fe7bf,test,false_prediction,25,0.2552199959754944
d5500391c879f7600224,test,missed_reference,4,
d5500391c879f7600224,test,missed_reference,9,
d5500391c879f7600224,test,missed_reference,13,
d5500391c879f7600224,test,false_prediction,11,0.40551966428756714
d60c2d0aa4b5d8e58821,test,missed_reference,3,
d60c2d0aa4b5d8e58821,test,missed_reference,5,
d60c2d0aa4b5d8e58821,test,missed_reference,6,
d60c2d0aa4b5d8e58821,test,false_prediction,6,0.6764041185379028
d60c2d0aa4b5d8e58821,test,false_prediction,7,0.3550427556037903
d60c2d0aa4b5d8e58821,test,false_prediction,8,0.3259865939617157
d640ecfb90bb1e12c031,test,missed_reference,1,
d640ecfb90bb1e12c031,test,missed_reference,4,
d640ecfb90bb1e12c031,test,missed_reference,5,
d640ecfb90bb1e12c031,test,missed_reference,6,
d640ecfb90bb1e12c031,test,missed_reference,7,
d640ecfb90bb1e12c031,test,false_prediction,2,0.5348455309867859
d640ecfb90bb1e12c031,test,false_prediction,3,0.4929604232311249
d640ecfb90bb1e12c031,test,false_prediction,5,0.3336077332496643
d640ecfb90bb1e12c031,test,false_prediction,6,0.32089152932167053
d787c15db7a57f907561,test,missed_reference,4,
d787c15db7a57f907561,test,missed_reference,12,
d787c15db7a57f907561,test,missed_reference,13,
d787c15db7a57f907561,test,missed_reference,18,
d787c15db7a57f907561,test,missed_reference,19,
d787c15db7a57f907561,test,missed_reference,20,
d787c15db7a57f907561,test,missed_reference,21,
d787c15db7a57f907561,test,missed_reference,22,
d787c15db7a57f907561,test,false_prediction,10,0.5099923610687256
d787c15db7a57f907561,test,false_prediction,12,0.4482031464576721
d787c15db7a57f907561,test,false_prediction,13,0.43538522720336914
d787c15db7a57f907561,test,false_prediction,16,0.3344264030456543
d787c15db7a57f907561,test,false_prediction,19,0.2741098999977112
d8b8a6150706f2e59b21,test,missed_reference,3,
d8b8a6150706f2e59b21,test,missed_reference,5,
d8b8a6150706f2e59b21,test,missed_reference,6,
d8b8a6150706f2e59b21,test,false_prediction,3,0.7341961860656738
d8b8a6150706f2e59b21,test,false_prediction,7,0.5064343214035034
d8b8a6150706f2e59b21,test,false_prediction,10,0.36537861824035645
d903101bb44aee50ffcb,test,missed_reference,1,
d903101bb44aee50ffcb,test,missed_reference,2,
d903101bb44aee50ffcb,test,missed_reference,4,
d903101bb44aee50ffcb,test,missed_reference,5,
d903101bb44aee50ffcb,test,missed_reference,8,
d903101bb44aee50ffcb,test,missed_reference,9,
d903101bb44aee50ffcb,test,missed_reference,10,
d903101bb44aee50ffcb,test,missed_reference,11,
d903101bb44aee50ffcb,test,missed_reference,13,
d903101bb44aee50ffcb,test,false_prediction,3,0.5967918634414673
d903101bb44aee50ffcb,test,false_prediction,5,0.43819907307624817
d903101bb44aee50ffcb,test,false_prediction,7,0.27157625555992126
d91c629ab506577f0e4f,test,missed_reference,7,
d91c629ab506577f0e4f,test,missed_reference,8,
d91c629ab506577f0e4f,test,false_prediction,7,0.4938771426677704
d9676395245e405b6c1e,test,missed_reference,6,
d9676395245e405b6c1e,test,false_prediction,5,0.5102040767669678
d9676395245e405b6c1e,test,false_prediction,6,0.5100634694099426
d9676395245e405b6c1e,test,false_prediction,7,0.3720545768737793
d97eb6d91db7520a1770,test,missed_reference,3,
d97eb6d91db7520a1770,test,false_prediction,11,0.49732449650764465
d97eb6d91db7520a1770,test,false_prediction,12,0.382995069026947
db321b2fccf27672a381,test,false_prediction,11,0.2747206389904022
db321b2fccf27672a381,test,false_prediction,12,0.2589849531650543
db321b2fccf27672a381,test,false_prediction,13,0.2548590898513794
dcb0fe2f816510bcc1df,test,missed_reference,5,
e21eb197bf2929be5fab,test,missed_reference,1,
e21eb197bf2929be5fab,test,missed_reference,11,
e21eb197bf2929be5fab,test,missed_reference,12,
e21eb197bf2929be5fab,test,missed_reference,13,
e21eb197bf2929be5fab,test,missed_reference,14,
e21eb197bf2929be5fab,test,missed_reference,15,
e21eb197bf2929be5fab,test,missed_reference,16,
e21eb197bf2929be5fab,test,missed_reference,17,
e21eb197bf2929be5fab,test,missed_reference,18,
e21eb197bf2929be5fab,test,missed_reference,19,
e21eb197bf2929be5fab,test,missed_reference,20,
e21eb197bf2929be5fab,test,missed_reference,21,
e21eb197bf2929be5fab,test,missed_reference,22,
e21eb197bf2929be5fab,test,false_prediction,8,0.4940450191497803
e362a4d631712e1cc110,test,missed_reference,2,
e362a4d631712e1cc110,test,missed_reference,14,
e362a4d631712e1cc110,test,missed_reference,15,
e362a4d631712e1cc110,test,missed_reference,16,
e362a4d631712e1cc110,test,missed_reference,17,
e362a4d631712e1cc110,test,false_prediction,12,0.34533077478408813
e362a4d631712e1cc110,test,false_prediction,13,0.3008749485015869
e56106eb7ae05d849f9c,test,missed_reference,1,
e56106eb7ae05d849f9c,test,missed_reference,3,
e56106eb7ae05d849f9c,test,missed_reference,6,
e56106eb7ae05d849f9c,test,false_prediction,4,0.278739333152771
e7d5a9330c4ce10816db,test,false_prediction,9,0.42243820428848267
e7d5a9330c4ce10816db,test,false_prediction,10,0.2722909152507782
e7f57f92edbc100f4e49,test,missed_reference,8,
e7f57f92edbc100f4e49,test,missed_reference,11,
e7f57f92edbc100f4e49,test,missed_reference,16,
e7f57f92edbc100f4e49,test,false_prediction,8,0.5696224570274353
e7f57f92edbc100f4e49,test,false_prediction,10,0.45857009291648865
e7f57f92edbc100f4e49,test,false_prediction,15,0.28836992383003235
ea8f77284e8c4f73ea9b,test,missed_reference,1,
ea8f77284e8c4f73ea9b,test,missed_reference,3,
ea8f77284e8c4f73ea9b,test,missed_reference,4,
ea8f77284e8c4f73ea9b,test,missed_reference,5,
ea8f77284e8c4f73ea9b,test,missed_reference,6,
ea8f77284e8c4f73ea9b,test,missed_reference,7,
ea8f77284e8c4f73ea9b,test,missed_reference,9,
ea8f77284e8c4f73ea9b,test,missed_reference,10,
ea8f77284e8c4f73ea9b,test,missed_reference,12,
ea8f77284e8c4f73ea9b,test,missed_reference,13,
ea8f77284e8c4f73ea9b,test,missed_reference,14,
ea8f77284e8c4f73ea9b,test,false_prediction,2,0.319505900144577
ea8f77284e8c4f73ea9b,test,false_prediction,3,0.3030340373516083
ea8f77284e8c4f73ea9b,test,false_prediction,4,0.2911090552806854
ea8f77284e8c4f73ea9b,test,false_prediction,5,0.28515592217445374
ef39380ba932ffe2b47a,test,missed_reference,8,
ef39380ba932ffe2b47a,test,false_prediction,6,0.6395956873893738
ef39380ba932ffe2b47a,test,false_prediction,10,0.378745973110199
ef39380ba932ffe2b47a,test,false_prediction,12,0.34756889939308167
ef39380ba932ffe2b47a,test,false_prediction,15,0.2686711549758911
ef39380ba932ffe2b47a,test,false_prediction,16,0.25431740283966064
ef70ba2e952667891902,test,missed_reference,6,
ef70ba2e952667891902,test,missed_reference,8,
ef70ba2e952667891902,test,missed_reference,10,
ef70ba2e952667891902,test,missed_reference,11,
ef70ba2e952667891902,test,false_prediction,8,0.5140231847763062
ef70ba2e952667891902,test,false_prediction,9,0.4725477993488312
ef70ba2e952667891902,test,false_prediction,10,0.38172483444213867
ef70ba2e952667891902,test,false_prediction,12,0.3585507869720459
ef70ba2e952667891902,test,false_prediction,13,0.3577905595302582
ef70ba2e952667891902,test,false_prediction,15,0.34088918566703796
ef70ba2e952667891902,test,false_prediction,16,0.31984561681747437
ef70ba2e952667891902,test,false_prediction,17,0.274183452129364
ef70ba2e952667891902,test,false_prediction,18,0.2643895149230957
ef70ba2e952667891902,test,false_prediction,19,0.2600720524787903
f01c0e481a3213613a8b,test,false_prediction,5,0.5447346568107605
f01c0e481a3213613a8b,test,false_prediction,7,0.44015058875083923
f01c0e481a3213613a8b,test,false_prediction,11,0.29391929507255554
f2c73d1ccf75dd9ce574,test,missed_reference,1,
f2c73d1ccf75dd9ce574,test,false_prediction,10,0.3529255986213684
f2c73d1ccf75dd9ce574,test,false_prediction,11,0.2703370153903961
f2c73d1ccf75dd9ce574,test,false_prediction,13,0.2615419328212738
f36b10c3ce09e47bc2a7,test,missed_reference,9,
f36b10c3ce09e47bc2a7,test,missed_reference,10,
f38571910b4b2504913d,test,missed_reference,13,
f38571910b4b2504913d,test,missed_reference,15,
f38571910b4b2504913d,test,false_prediction,11,0.6407726407051086
f38571910b4b2504913d,test,false_prediction,14,0.5310595631599426
f38571910b4b2504913d,test,false_prediction,15,0.45009946823120117
f38571910b4b2504913d,test,false_prediction,19,0.2612330913543701
f38571910b4b2504913d,test,false_prediction,20,0.25116094946861267
f5379e38edcb97101276,test,missed_reference,1,
f5379e38edcb97101276,test,false_prediction,7,0.43392863869667053
f5379e38edcb97101276,test,false_prediction,9,0.36551737785339355
f5379e38edcb97101276,test,false_prediction,10,0.3606109619140625
f5379e38edcb97101276,test,false_prediction,11,0.32391807436943054
f5379e38edcb97101276,test,false_prediction,12,0.3115229904651642
f5379e38edcb97101276,test,false_prediction,13,0.30931925773620605
f5379e38edcb97101276,test,false_prediction,14,0.29124557971954346
f5379e38edcb97101276,test,false_prediction,15,0.2866106927394867
f5379e38edcb97101276,test,false_prediction,16,0.27724626660346985
f5379e38edcb97101276,test,false_prediction,17,0.26477810740470886
f56e4dc30c35b9dc3fb7,test,missed_reference,4,
f56e4dc30c35b9dc3fb7,test,missed_reference,5,
f56e4dc30c35b9dc3fb7,test,missed_reference,8,
f56e4dc30c35b9dc3fb7,test,missed_reference,11,
f56e4dc30c35b9dc3fb7,test,missed_reference,14,
f56e4dc30c35b9dc3fb7,test,missed_reference,15,
f56e4dc30c35b9dc3fb7,test,missed_reference,16,
f56e4dc30c35b9dc3fb7,test,missed_reference,17,
f56e4dc30c35b9dc3fb7,test,missed_reference,18,
f56e4dc30c35b9dc3fb7,test,false_prediction,7,0.38960540294647217
f56e4dc30c35b9dc3fb7,test,false_prediction,8,0.3469596207141876
f600628c9ebaa0335661,test,missed_reference,12,
f600628c9ebaa0335661,test,false_prediction,7,0.7707271575927734
f600628c9ebaa0335661,test,false_prediction,13,0.3197425305843353
f600628c9ebaa0335661,test,false_prediction,14,0.3112446665763855
f600628c9ebaa0335661,test,false_prediction,15,0.27057281136512756
f642ee502088db916f3d,test,false_prediction,6,0.7280234694480896
f642ee502088db916f3d,test,false_prediction,7,0.6878303289413452
f642ee502088db916f3d,test,false_prediction,8,0.6809985041618347
f642ee502088db916f3d,test,false_prediction,9,0.5797362923622131
f642ee502088db916f3d,test,false_prediction,14,0.30028560757637024
fa05270be37f95a9bfb0,test,missed_reference,6,
fa05270be37f95a9bfb0,test,missed_reference,7,
fa05270be37f95a9bfb0,test,missed_reference,8,
fa05270be37f95a9bfb0,test,missed_reference,9,
fa05270be37f95a9bfb0,test,false_prediction,4,0.6854514479637146
fa05270be37f95a9bfb0,test,false_prediction,7,0.32401737570762634
fb03c9f310af170683d4,test,missed_reference,4,
fb03c9f310af170683d4,test,missed_reference,5,
fb03c9f310af170683d4,test,missed_reference,6,
fb03c9f310af170683d4,test,missed_reference,9,
fb03c9f310af170683d4,test,missed_reference,13,
fb03c9f310af170683d4,test,missed_reference,16,
fb03c9f310af170683d4,test,missed_reference,18,
fb03c9f310af170683d4,test,false_prediction,5,0.7066755890846252
fb03c9f310af170683d4,test,false_prediction,7,0.7017699480056763
fb03c9f310af170683d4,test,false_prediction,10,0.6085819005966187
fb03c9f310af170683d4,test,false_prediction,17,0.3396570086479187
fbb42b6235b2a6beaf75,test,missed_reference,5,
fbb42b6235b2a6beaf75,test,missed_reference,6,
fddf08aa4be5486c4724,test,missed_reference,4,
fddf08aa4be5486c4724,test,missed_reference,11,
fddf08aa4be5486c4724,test,missed_reference,12,
fddf08aa4be5486c4724,test,missed_reference,13,
fddf08aa4be5486c4724,test,missed_reference,14,
fddf08aa4be5486c4724,test,missed_reference,15,
fddf08aa4be5486c4724,test,false_prediction,6,0.7735120058059692
fddf08aa4be5486c4724,test,false_prediction,10,0.40874728560447693
fddf08aa4be5486c4724,test,false_prediction,12,0.3372511863708496
fe9e4bac7dd64709d651,test,missed_reference,4,
fe9e4bac7dd64709d651,test,missed_reference,5,
fe9e4bac7dd64709d651,test,missed_reference,6,
fe9e4bac7dd64709d651,test,missed_reference,10,
fe9e4bac7dd64709d651,test,missed_reference,11,
fe9e4bac7dd64709d651,test,false_prediction,3,0.7930000424385071
fe9e4bac7dd64709d651,test,false_prediction,8,0.5585913062095642
fe9e4bac7dd64709d651,test,false_prediction,9,0.4350002706050873
fe9e4bac7dd64709d651,test,false_prediction,10,0.4082193076610565
fe9e4bac7dd64709d651,test,false_prediction,11,0.31116873025894165
fe9e4bac7dd64709d651,test,false_prediction,12,0.27814820408821106
